run_timestamp,market_count,buy_yes_count,buy_no_count,hold_count,avoid_count,taker_count,maker_count,skip_count,best_market_id,best_market_type,best_net_edge,best_action,best_execution_mode,best_question
1778399158,35,0,0,35,0,0,0,35,573655,price_target,-0.011049613333333333,HOLD,UNKNOWN,"Will Bitcoin hit $150k by June 30, 2026?"
1778399363,35,0,0,35,0,0,0,35,573655,price_target,-0.011049613333333333,HOLD,UNKNOWN,"Will Bitcoin hit $150k by June 30, 2026?"
1778418707,35,0,0,35,0,0,0,35,573655,price_target,-0.011049613333333333,HOLD,SKIP,"Will Bitcoin hit $150k by June 30, 2026?"
1778421574,35,0,0,35,0,0,0,35,573655,price_target,-0.011049613333333333,HOLD,SKIP,"Will Bitcoin hit $150k by June 30, 2026?"
1778423277,35,0,0,35,0,0,0,35,573655,price_target,-0.011049613333333333,HOLD,SKIP,"Will Bitcoin hit $150k by June 30, 2026?"
1779191313,35,0,0,35,0,0,0,35,573655,price_target,-0.011049613333333333,HOLD,SKIP,"Will Bitcoin hit $150k by June 30, 2026?"
1779191793,35,0,0,35,0,0,0,35,573655,price_target,-0.011049613333333333,HOLD,SKIP,"Will Bitcoin hit $150k by June 30, 2026?"
1779193594,35,0,0,35,0,0,0,35,573655,price_target,-0.011049613333333333,HOLD,SKIP,"Will Bitcoin hit $150k by June 30, 2026?"
1779194817,35,0,0,35,0,0,0,35,573655,price_target,-0.011049613333333333,HOLD,SKIP,"Will Bitcoin hit $150k by June 30, 2026?"
1779195419,35,0,0,35,0,0,0,35,573655,price_target,-0.011049613333333333,HOLD,SKIP,"Will Bitcoin hit $150k by June 30, 2026?"
1779196020,35,0,0,35,0,0,0,35,573655,price_target,-0.011049613333333333,HOLD,SKIP,"Will Bitcoin hit $150k by June 30, 2026?"
1779196628,35,0,0,35,0,0,0,35,573655,price_target,-0.011049613333333333,HOLD,SKIP,"Will Bitcoin hit $150k by June 30, 2026?"
1779197229,35,0,0,35,0,0,0,35,573655,price_target,-0.011049613333333333,HOLD,SKIP,"Will Bitcoin hit $150k by June 30, 2026?"
1779197832,35,0,0,35,0,0,0,35,573655,price_target,-0.011049613333333333,HOLD,SKIP,"Will Bitcoin hit $150k by June 30, 2026?"
1779198433,35,0,0,35,0,0,0,35,573655,price_target,-0.011049613333333333,HOLD,SKIP,"Will Bitcoin hit $150k by June 30, 2026?"
1779199035,35,0,0,35,0,0,0,35,573655,price_target,-0.011049613333333333,HOLD,SKIP,"Will Bitcoin hit $150k by June 30, 2026?"
1779199635,35,0,0,35,0,0,0,35,573655,price_target,-0.011049613333333333,HOLD,SKIP,"Will Bitcoin hit $150k by June 30, 2026?"
1779200245,35,0,0,35,0,0,0,35,573655,price_target,-0.011049613333333333,HOLD,SKIP,"Will Bitcoin hit $150k by June 30, 2026?"
1779200851,35,0,0,35,0,0,0,35,573655,price_target,-0.011049613333333333,HOLD,SKIP,"Will Bitcoin hit $150k by June 30, 2026?"
1779201452,35,0,0,35,0,0,0,35,573655,price_target,-0.011049613333333333,HOLD,SKIP,"Will Bitcoin hit $150k by June 30, 2026?"
1779202059,35,0,0,35,0,0,0,35,573655,price_target,-0.011049613333333333,HOLD,SKIP,"Will Bitcoin hit $150k by June 30, 2026?"
1779202750,35,0,0,35,0,0,0,35,2159394,price_target,-0.0125349825,HOLD,SKIP,"Will Bitcoin reach $92,000 May 4-10?"
1779203011,35,0,0,35,0,0,0,35,2132779,price_target,0.005415277777777762,HOLD,SKIP,"Will Bitcoin dip to $70,000 in May?"
1779203396,35,0,0,35,0,0,0,35,2159397,price_target,0.0,HOLD,SKIP,"Will Bitcoin reach $86,000 May 4-10?"
1779203964,35,0,0,35,0,0,0,35,2159397,price_target,0.0,HOLD,SKIP,"Will Bitcoin reach $86,000 May 4-10?"
1779204419,35,0,0,35,0,0,0,35,2159397,price_target,0.0,HOLD,SKIP,"Will Bitcoin reach $86,000 May 4-10?"
1779204925,35,0,0,35,0,0,0,35,2159397,price_target,0.0,HOLD,SKIP,"Will Bitcoin reach $86,000 May 4-10?"
1779205381,35,0,0,35,0,0,0,35,2159397,price_target,0.0,HOLD,SKIP,"Will Bitcoin reach $86,000 May 4-10?"
1779205856,35,0,0,35,0,0,0,35,2159397,price_target,0.0,HOLD,SKIP,"Will Bitcoin reach $86,000 May 4-10?"
1779206307,35,0,0,35,0,0,0,35,2159397,price_target,0.0,HOLD,SKIP,"Will Bitcoin reach $86,000 May 4-10?"
1779206760,35,0,0,35,0,0,0,35,2159397,price_target,0.0,HOLD,SKIP,"Will Bitcoin reach $86,000 May 4-10?"
1779207141,35,0,0,35,0,0,0,35,2159397,price_target,0.0,HOLD,SKIP,"Will Bitcoin reach $86,000 May 4-10?"
1779207586,35,0,0,35,0,0,0,35,2159397,price_target,0.0,HOLD,SKIP,"Will Bitcoin reach $86,000 May 4-10?"
1779208091,35,0,0,35,0,0,0,35,2159397,price_target,0.0,HOLD,SKIP,"Will Bitcoin reach $86,000 May 4-10?"
1779208517,35,0,0,35,0,0,0,35,2159397,price_target,0.0,HOLD,SKIP,"Will Bitcoin reach $86,000 May 4-10?"
1779208939,35,0,0,35,0,0,0,35,2159397,price_target,0.0,HOLD,SKIP,"Will Bitcoin reach $86,000 May 4-10?"
1779209308,35,0,0,35,0,0,0,35,2159397,price_target,0.0,HOLD,SKIP,"Will Bitcoin reach $86,000 May 4-10?"
1779209733,35,0,0,35,0,0,0,35,2159397,price_target,0.0,HOLD,SKIP,"Will Bitcoin reach $86,000 May 4-10?"
1779210113,35,0,0,35,0,0,0,35,2159397,price_target,0.0,HOLD,SKIP,"Will Bitcoin reach $86,000 May 4-10?"
1779210511,35,0,0,35,0,0,0,35,2159397,price_target,0.0,HOLD,SKIP,"Will Bitcoin reach $86,000 May 4-10?"
1779210882,35,0,0,35,0,0,0,35,2159397,price_target,0.0,HOLD,SKIP,"Will Bitcoin reach $86,000 May 4-10?"
1779211254,35,0,0,35,0,0,0,35,2159397,price_target,0.0,HOLD,SKIP,"Will Bitcoin reach $86,000 May 4-10?"
1779211617,35,0,0,35,0,0,0,35,2159397,price_target,0.0,HOLD,SKIP,"Will Bitcoin reach $86,000 May 4-10?"
1779211978,35,0,0,35,0,0,0,35,2159397,price_target,0.0,HOLD,SKIP,"Will Bitcoin reach $86,000 May 4-10?"
1779212357,35,0,0,35,0,0,0,35,2159397,price_target,0.0,HOLD,SKIP,"Will Bitcoin reach $86,000 May 4-10?"
1779212729,35,0,0,35,0,0,0,35,2159397,price_target,0.0,HOLD,SKIP,"Will Bitcoin reach $86,000 May 4-10?"
1779213093,35,0,0,35,0,0,0,35,2159397,price_target,0.0,HOLD,SKIP,"Will Bitcoin reach $86,000 May 4-10?"
1779213482,35,0,0,35,0,0,0,35,2159397,price_target,0.0,HOLD,SKIP,"Will Bitcoin reach $86,000 May 4-10?"
1779213848,35,0,0,35,0,0,0,35,2159397,price_target,0.0,HOLD,SKIP,"Will Bitcoin reach $86,000 May 4-10?"
1779214207,35,0,0,35,0,0,0,35,2159397,price_target,0.0,HOLD,SKIP,"Will Bitcoin reach $86,000 May 4-10?"
1779214575,35,0,0,35,0,0,0,35,2159397,price_target,0.0,HOLD,SKIP,"Will Bitcoin reach $86,000 May 4-10?"
1779214945,35,0,0,35,0,0,0,35,2159397,price_target,0.0,HOLD,SKIP,"Will Bitcoin reach $86,000 May 4-10?"
1779215304,35,0,0,35,0,0,0,35,2159397,price_target,0.0,HOLD,SKIP,"Will Bitcoin reach $86,000 May 4-10?"
1779215670,35,0,0,35,0,0,0,35,2159397,price_target,0.0,HOLD,SKIP,"Will Bitcoin reach $86,000 May 4-10?"
1779216033,35,0,0,35,0,0,0,35,2159397,price_target,0.0,HOLD,SKIP,"Will Bitcoin reach $86,000 May 4-10?"
1779216392,35,0,0,35,0,0,0,35,2159397,price_target,0.0,HOLD,SKIP,"Will Bitcoin reach $86,000 May 4-10?"
1779216758,35,0,0,35,0,0,0,35,2159397,price_target,0.0,HOLD,SKIP,"Will Bitcoin reach $86,000 May 4-10?"
1779217123,35,0,0,35,0,0,0,35,2159397,price_target,0.0,HOLD,SKIP,"Will Bitcoin reach $86,000 May 4-10?"
1779217483,35,0,0,35,0,0,0,35,2159397,price_target,0.0,HOLD,SKIP,"Will Bitcoin reach $86,000 May 4-10?"
1779217849,35,0,0,35,0,0,0,35,2159397,price_target,0.0,HOLD,SKIP,"Will Bitcoin reach $86,000 May 4-10?"
1779218353,35,0,0,35,0,0,0,35,2159397,price_target,0.0,HOLD,SKIP,"Will Bitcoin reach $86,000 May 4-10?"
1779218821,35,0,0,35,0,0,0,35,2159397,price_target,0.0,HOLD,SKIP,"Will Bitcoin reach $86,000 May 4-10?"
1779219198,35,0,0,35,0,0,0,35,2159397,price_target,0.0,HOLD,SKIP,"Will Bitcoin reach $86,000 May 4-10?"
1779219551,35,0,0,35,0,0,0,35,2159397,price_target,0.0,HOLD,SKIP,"Will Bitcoin reach $86,000 May 4-10?"
1779219916,35,0,0,35,0,0,0,35,2159397,price_target,0.0,HOLD,SKIP,"Will Bitcoin reach $86,000 May 4-10?"
1779220290,35,0,0,35,0,0,0,35,2159397,price_target,0.0,HOLD,SKIP,"Will Bitcoin reach $86,000 May 4-10?"
1779220643,35,0,0,35,0,0,0,35,2159397,price_target,0.0,HOLD,SKIP,"Will Bitcoin reach $86,000 May 4-10?"
1779221008,35,0,0,35,0,0,0,35,2159397,price_target,0.0,HOLD,SKIP,"Will Bitcoin reach $86,000 May 4-10?"
1779221380,35,0,0,35,0,0,0,35,2159397,price_target,0.0,HOLD,SKIP,"Will Bitcoin reach $86,000 May 4-10?"
1779221732,35,0,0,35,0,0,0,35,2159397,price_target,0.0,HOLD,SKIP,"Will Bitcoin reach $86,000 May 4-10?"
1779222098,35,0,0,35,0,0,0,35,2159397,price_target,0.0,HOLD,SKIP,"Will Bitcoin reach $86,000 May 4-10?"
1779222476,35,0,0,35,0,0,0,35,2159397,price_target,0.0,HOLD,SKIP,"Will Bitcoin reach $86,000 May 4-10?"
1779222830,35,0,0,35,0,0,0,35,2159397,price_target,0.0,HOLD,SKIP,"Will Bitcoin reach $86,000 May 4-10?"
1779223195,35,0,0,35,0,0,0,35,2159397,price_target,0.0,HOLD,SKIP,"Will Bitcoin reach $86,000 May 4-10?"
1779223567,35,0,0,35,0,0,0,35,2159397,price_target,0.0,HOLD,SKIP,"Will Bitcoin reach $86,000 May 4-10?"
1779223921,35,0,0,35,0,0,0,35,2159397,price_target,0.0,HOLD,SKIP,"Will Bitcoin reach $86,000 May 4-10?"
1779224286,35,0,0,35,0,0,0,35,2159397,price_target,0.0,HOLD,SKIP,"Will Bitcoin reach $86,000 May 4-10?"
1779224662,35,0,0,35,0,0,0,35,2159397,price_target,0.0,HOLD,SKIP,"Will Bitcoin reach $86,000 May 4-10?"
1779225015,35,0,0,35,0,0,0,35,2159397,price_target,0.0,HOLD,SKIP,"Will Bitcoin reach $86,000 May 4-10?"
1779225380,35,0,0,35,0,0,0,35,2159397,price_target,0.0,HOLD,SKIP,"Will Bitcoin reach $86,000 May 4-10?"
1779225768,35,0,0,35,0,0,0,35,2159397,price_target,0.0,HOLD,SKIP,"Will Bitcoin reach $86,000 May 4-10?"
1779226122,35,0,0,35,0,0,0,35,2159397,price_target,0.0,HOLD,SKIP,"Will Bitcoin reach $86,000 May 4-10?"
1779226487,35,0,0,35,0,0,0,35,2159397,price_target,0.0,HOLD,SKIP,"Will Bitcoin reach $86,000 May 4-10?"
1779226860,35,0,0,35,0,0,0,35,2159397,price_target,0.0,HOLD,SKIP,"Will Bitcoin reach $86,000 May 4-10?"
1779227215,35,0,0,35,0,0,0,35,2159397,price_target,0.0,HOLD,SKIP,"Will Bitcoin reach $86,000 May 4-10?"
1779227580,35,0,0,35,0,0,0,35,2159397,price_target,0.0,HOLD,SKIP,"Will Bitcoin reach $86,000 May 4-10?"
1779227966,35,0,0,35,0,0,0,35,2159397,price_target,0.0,HOLD,SKIP,"Will Bitcoin reach $86,000 May 4-10?"
1779228335,35,0,0,35,0,0,0,35,2159397,price_target,0.0,HOLD,SKIP,"Will Bitcoin reach $86,000 May 4-10?"
1779228700,35,0,0,35,0,0,0,35,2159397,price_target,0.0,HOLD,SKIP,"Will Bitcoin reach $86,000 May 4-10?"
1779229082,35,0,0,35,0,0,0,35,2159397,price_target,0.0,HOLD,SKIP,"Will Bitcoin reach $86,000 May 4-10?"
1779229437,35,0,0,35,0,0,0,35,2159397,price_target,0.0,HOLD,SKIP,"Will Bitcoin reach $86,000 May 4-10?"
1779229803,35,0,0,35,0,0,0,35,2159397,price_target,0.0,HOLD,SKIP,"Will Bitcoin reach $86,000 May 4-10?"
1779230183,35,0,0,35,0,0,0,35,2159397,price_target,0.0,HOLD,SKIP,"Will Bitcoin reach $86,000 May 4-10?"
1779230538,35,0,0,35,0,0,0,35,2159397,price_target,0.0,HOLD,SKIP,"Will Bitcoin reach $86,000 May 4-10?"
1779230904,35,0,0,35,0,0,0,35,2159397,price_target,0.0,HOLD,SKIP,"Will Bitcoin reach $86,000 May 4-10?"
1779231278,35,0,0,35,0,0,0,35,2159397,price_target,0.0,HOLD,SKIP,"Will Bitcoin reach $86,000 May 4-10?"
1779231641,35,0,0,35,0,0,0,35,2159397,price_target,0.0,HOLD,SKIP,"Will Bitcoin reach $86,000 May 4-10?"
1779232008,35,0,0,35,0,0,0,35,2159397,price_target,0.0,HOLD,SKIP,"Will Bitcoin reach $86,000 May 4-10?"
1779232380,35,0,0,35,0,0,0,35,2159397,price_target,0.0,HOLD,SKIP,"Will Bitcoin reach $86,000 May 4-10?"
1779232736,35,0,0,35,0,0,0,35,2159397,price_target,0.0,HOLD,SKIP,"Will Bitcoin reach $86,000 May 4-10?"
1779233103,35,0,0,35,0,0,0,35,2159397,price_target,0.0,HOLD,SKIP,"Will Bitcoin reach $86,000 May 4-10?"
1779233476,35,0,0,35,0,0,0,35,2159397,price_target,0.0,HOLD,SKIP,"Will Bitcoin reach $86,000 May 4-10?"
1779233833,35,0,0,35,0,0,0,35,2159397,price_target,0.0,HOLD,SKIP,"Will Bitcoin reach $86,000 May 4-10?"
1779234200,35,0,0,35,0,0,0,35,2159397,price_target,0.0,HOLD,SKIP,"Will Bitcoin reach $86,000 May 4-10?"
1779234574,35,0,0,35,0,0,0,35,2159397,price_target,0.0,HOLD,SKIP,"Will Bitcoin reach $86,000 May 4-10?"
1779234930,35,0,0,35,0,0,0,35,2159397,price_target,0.0,HOLD,SKIP,"Will Bitcoin reach $86,000 May 4-10?"
1779235297,35,0,0,35,0,0,0,35,2159397,price_target,0.0,HOLD,SKIP,"Will Bitcoin reach $86,000 May 4-10?"
1779235671,35,0,0,35,0,0,0,35,2159397,price_target,0.0,HOLD,SKIP,"Will Bitcoin reach $86,000 May 4-10?"
1779236028,35,0,0,35,0,0,0,35,2159397,price_target,0.0,HOLD,SKIP,"Will Bitcoin reach $86,000 May 4-10?"
1779236396,35,0,0,35,0,0,0,35,2159397,price_target,0.0,HOLD,SKIP,"Will Bitcoin reach $86,000 May 4-10?"
1779236768,35,0,0,35,0,0,0,35,2159397,price_target,0.0,HOLD,SKIP,"Will Bitcoin reach $86,000 May 4-10?"
1779237125,35,0,0,35,0,0,0,35,2159397,price_target,0.0,HOLD,SKIP,"Will Bitcoin reach $86,000 May 4-10?"
1779237493,35,0,0,35,0,0,0,35,2159397,price_target,0.0,HOLD,SKIP,"Will Bitcoin reach $86,000 May 4-10?"
1779237866,35,0,0,35,0,0,0,35,2159397,price_target,0.0,HOLD,SKIP,"Will Bitcoin reach $86,000 May 4-10?"
1779238223,35,0,0,35,0,0,0,35,2159397,price_target,0.0,HOLD,SKIP,"Will Bitcoin reach $86,000 May 4-10?"
1779238592,35,0,0,35,0,0,0,35,2159397,price_target,0.0,HOLD,SKIP,"Will Bitcoin reach $86,000 May 4-10?"
1779238967,35,0,0,35,0,0,0,35,2159397,price_target,0.0,HOLD,SKIP,"Will Bitcoin reach $86,000 May 4-10?"
1779239325,35,0,0,35,0,0,0,35,2159397,price_target,0.0,HOLD,SKIP,"Will Bitcoin reach $86,000 May 4-10?"
1779239700,35,0,0,35,0,0,0,35,2159397,price_target,0.0,HOLD,SKIP,"Will Bitcoin reach $86,000 May 4-10?"
1779240067,35,0,0,35,0,0,0,35,2159397,price_target,0.0,HOLD,SKIP,"Will Bitcoin reach $86,000 May 4-10?"
1779240469,35,0,0,35,0,0,0,35,2159397,price_target,0.0,HOLD,SKIP,"Will Bitcoin reach $86,000 May 4-10?"
1779240887,35,0,0,35,0,0,0,35,2159397,price_target,0.0,HOLD,SKIP,"Will Bitcoin reach $86,000 May 4-10?"
1779241292,35,0,0,35,0,0,0,35,2159397,price_target,0.0,HOLD,SKIP,"Will Bitcoin reach $86,000 May 4-10?"
1779241688,35,0,0,35,0,0,0,35,2159397,price_target,0.0,HOLD,SKIP,"Will Bitcoin reach $86,000 May 4-10?"
1779242119,35,0,0,35,0,0,0,35,2159397,price_target,0.0,HOLD,SKIP,"Will Bitcoin reach $86,000 May 4-10?"
1779242535,35,0,0,35,0,0,0,35,2159397,price_target,0.0,HOLD,SKIP,"Will Bitcoin reach $86,000 May 4-10?"
1779242938,35,0,0,35,0,0,0,35,2159397,price_target,0.0,HOLD,SKIP,"Will Bitcoin reach $86,000 May 4-10?"
1779243380,35,0,0,35,0,0,0,35,2159397,price_target,0.0,HOLD,SKIP,"Will Bitcoin reach $86,000 May 4-10?"
1779243847,35,0,0,35,0,0,0,35,2159397,price_target,0.0,HOLD,SKIP,"Will Bitcoin reach $86,000 May 4-10?"
1779244332,50,0,0,50,0,0,0,50,2299125,price_target,0.0,HOLD,SKIP,"Will Bitcoin reach $78,000 on May 19?"
1779244831,50,0,0,50,0,0,0,50,2299125,price_target,0.0,HOLD,SKIP,"Will Bitcoin reach $78,000 on May 19?"
1779245321,50,0,0,50,0,0,0,50,2299125,price_target,0.0,HOLD,SKIP,"Will Bitcoin reach $78,000 on May 19?"
1779245791,50,0,0,50,0,0,0,50,2299125,price_target,0.0,HOLD,SKIP,"Will Bitcoin reach $78,000 on May 19?"
1779246265,50,0,0,50,0,0,0,50,2299125,price_target,0.0,HOLD,SKIP,"Will Bitcoin reach $78,000 on May 19?"
1779246726,50,0,0,50,0,0,0,50,2299125,price_target,0.0,HOLD,SKIP,"Will Bitcoin reach $78,000 on May 19?"
1779247219,50,0,0,50,0,0,0,50,2299125,price_target,0.0,HOLD,SKIP,"Will Bitcoin reach $78,000 on May 19?"
1779247689,50,0,0,50,0,0,0,50,2299125,price_target,0.0,HOLD,SKIP,"Will Bitcoin reach $78,000 on May 19?"
1779248188,50,0,0,50,0,0,0,50,2299125,price_target,0.0,HOLD,SKIP,"Will Bitcoin reach $78,000 on May 19?"
1779248683,50,0,0,50,0,0,0,50,2299125,price_target,0.0,HOLD,SKIP,"Will Bitcoin reach $78,000 on May 19?"
1779249174,50,0,0,50,0,0,0,50,2299149,price_target,0.0,HOLD,SKIP,"Will Bitcoin dip to $75,000 on May 19?"
1779249663,50,0,0,50,0,0,0,50,2299149,price_target,0.0,HOLD,SKIP,"Will Bitcoin dip to $75,000 on May 19?"
1779250151,50,0,0,50,0,0,0,50,2299115,price_target,0.0,HOLD,SKIP,"Will Bitcoin reach $79,000 on May 19?"
1779250604,50,0,0,50,0,0,0,50,2299115,price_target,0.0,HOLD,SKIP,"Will Bitcoin reach $79,000 on May 19?"
1779251097,50,0,0,50,0,0,0,50,2159397,price_target,0.0,HOLD,SKIP,"Will Bitcoin reach $86,000 May 4-10?"
1779251636,50,0,0,50,0,0,0,50,2159397,price_target,0.0,HOLD,SKIP,"Will Bitcoin reach $86,000 May 4-10?"
1779252171,50,0,0,50,0,0,0,50,2159397,price_target,0.0,HOLD,SKIP,"Will Bitcoin reach $86,000 May 4-10?"
1779252673,50,0,0,50,0,0,0,50,2159397,price_target,0.0,HOLD,SKIP,"Will Bitcoin reach $86,000 May 4-10?"
1779253286,50,0,0,50,0,0,0,50,2159397,price_target,0.0,HOLD,SKIP,"Will Bitcoin reach $86,000 May 4-10?"
1779253811,50,0,0,50,0,0,0,50,2159397,price_target,0.0,HOLD,SKIP,"Will Bitcoin reach $86,000 May 4-10?"
1779254307,50,0,0,50,0,0,0,50,2159397,price_target,0.0,HOLD,SKIP,"Will Bitcoin reach $86,000 May 4-10?"
1779254817,50,0,0,50,0,0,0,50,2159397,price_target,0.0,HOLD,SKIP,"Will Bitcoin reach $86,000 May 4-10?"
1779255356,50,0,0,50,0,0,0,50,2159397,price_target,0.0,HOLD,SKIP,"Will Bitcoin reach $86,000 May 4-10?"
1779255835,50,0,0,50,0,0,0,50,2159397,price_target,0.0,HOLD,SKIP,"Will Bitcoin reach $86,000 May 4-10?"
1779256402,50,0,0,50,0,0,0,50,2159397,price_target,0.0,HOLD,SKIP,"Will Bitcoin reach $86,000 May 4-10?"
1779256911,50,0,0,50,0,0,0,50,2159397,price_target,0.0,HOLD,SKIP,"Will Bitcoin reach $86,000 May 4-10?"
1779257497,50,0,0,50,0,0,0,50,2159397,price_target,0.0,HOLD,SKIP,"Will Bitcoin reach $86,000 May 4-10?"
1779258004,50,0,0,50,0,0,0,50,2159397,price_target,0.0,HOLD,SKIP,"Will Bitcoin reach $86,000 May 4-10?"
1779258630,50,0,0,50,0,0,0,50,2159397,price_target,0.0,HOLD,SKIP,"Will Bitcoin reach $86,000 May 4-10?"
1779259197,50,0,0,50,0,0,0,50,2159397,price_target,0.0,HOLD,SKIP,"Will Bitcoin reach $86,000 May 4-10?"
1779259739,50,0,0,50,0,0,0,50,2159397,price_target,0.0,HOLD,SKIP,"Will Bitcoin reach $86,000 May 4-10?"
1779260239,50,0,0,50,0,0,0,50,2159397,price_target,0.0,HOLD,SKIP,"Will Bitcoin reach $86,000 May 4-10?"
1779260695,50,0,0,49,1,0,0,50,2159397,price_target,0.0,HOLD,SKIP,"Will Bitcoin reach $86,000 May 4-10?"
1779261159,50,0,0,49,1,0,0,50,2159397,price_target,0.0,HOLD,SKIP,"Will Bitcoin reach $86,000 May 4-10?"
1779261674,50,0,0,49,1,0,0,50,2159397,price_target,0.0,HOLD,SKIP,"Will Bitcoin reach $86,000 May 4-10?"
1779262213,50,0,0,49,1,0,0,50,2159397,price_target,0.0,HOLD,SKIP,"Will Bitcoin reach $86,000 May 4-10?"
1779262699,50,0,0,49,1,0,0,50,2159397,price_target,0.0,HOLD,SKIP,"Will Bitcoin reach $86,000 May 4-10?"
1779263150,50,0,0,49,1,0,0,50,2159397,price_target,0.0,HOLD,SKIP,"Will Bitcoin reach $86,000 May 4-10?"
1779263674,50,0,0,49,1,0,0,50,2159397,price_target,0.0,HOLD,SKIP,"Will Bitcoin reach $86,000 May 4-10?"
1779264151,50,0,0,49,1,0,0,50,2159397,price_target,0.0,HOLD,SKIP,"Will Bitcoin reach $86,000 May 4-10?"
1779264625,50,0,0,49,1,0,0,50,2159397,price_target,0.0,HOLD,SKIP,"Will Bitcoin reach $86,000 May 4-10?"
1779265158,50,0,0,49,1,0,0,50,2159397,price_target,0.0,HOLD,SKIP,"Will Bitcoin reach $86,000 May 4-10?"
1779265645,50,0,0,49,1,0,0,50,2159397,price_target,0.0,HOLD,SKIP,"Will Bitcoin reach $86,000 May 4-10?"
1779266129,50,0,0,48,2,0,0,50,2159397,price_target,0.0,HOLD,SKIP,"Will Bitcoin reach $86,000 May 4-10?"
1779266614,50,0,0,48,2,0,0,50,2159397,price_target,0.0,HOLD,SKIP,"Will Bitcoin reach $86,000 May 4-10?"
1779267146,50,0,0,48,2,0,0,50,2159397,price_target,0.0,HOLD,SKIP,"Will Bitcoin reach $86,000 May 4-10?"
1779267578,50,0,0,48,2,0,0,50,2159397,price_target,0.0,HOLD,SKIP,"Will Bitcoin reach $86,000 May 4-10?"
1779268090,50,0,0,48,2,0,0,50,2159397,price_target,0.0,HOLD,SKIP,"Will Bitcoin reach $86,000 May 4-10?"
1779268783,50,0,0,48,2,0,0,50,2159397,price_target,0.0,HOLD,SKIP,"Will Bitcoin reach $86,000 May 4-10?"
1779269228,50,0,0,48,2,0,0,50,2159397,price_target,0.0,HOLD,SKIP,"Will Bitcoin reach $86,000 May 4-10?"
1779269631,50,0,0,48,2,0,0,50,2159397,price_target,0.0,HOLD,SKIP,"Will Bitcoin reach $86,000 May 4-10?"
1779270073,50,0,0,48,2,0,0,50,2159397,price_target,0.0,HOLD,SKIP,"Will Bitcoin reach $86,000 May 4-10?"
1779270493,50,0,0,48,2,0,0,50,2159397,price_target,0.0,HOLD,SKIP,"Will Bitcoin reach $86,000 May 4-10?"
1779270896,50,0,0,48,2,0,0,50,2159397,price_target,0.0,HOLD,SKIP,"Will Bitcoin reach $86,000 May 4-10?"
1779271357,50,0,0,48,2,0,0,50,2159397,price_target,0.0,HOLD,SKIP,"Will Bitcoin reach $86,000 May 4-10?"
1779271801,50,0,0,48,2,0,0,50,2159397,price_target,0.0,HOLD,SKIP,"Will Bitcoin reach $86,000 May 4-10?"
1779272213,50,0,0,48,2,0,0,50,2159397,price_target,0.0,HOLD,SKIP,"Will Bitcoin reach $86,000 May 4-10?"
1779272677,50,0,0,48,2,0,0,50,2159397,price_target,0.0,HOLD,SKIP,"Will Bitcoin reach $86,000 May 4-10?"
1779273107,50,0,0,48,2,0,0,50,2159397,price_target,0.0,HOLD,SKIP,"Will Bitcoin reach $86,000 May 4-10?"
1779273529,50,0,0,48,2,0,0,50,2159397,price_target,0.0,HOLD,SKIP,"Will Bitcoin reach $86,000 May 4-10?"
1779273978,50,0,0,48,2,0,0,50,2159397,price_target,0.0,HOLD,SKIP,"Will Bitcoin reach $86,000 May 4-10?"
1779274442,50,0,0,48,2,0,0,50,2159397,price_target,0.0,HOLD,SKIP,"Will Bitcoin reach $86,000 May 4-10?"
1779274912,50,0,0,48,2,0,0,50,2159397,price_target,0.0,HOLD,SKIP,"Will Bitcoin reach $86,000 May 4-10?"
1779275330,50,0,0,48,2,0,0,50,2159397,price_target,0.0,HOLD,SKIP,"Will Bitcoin reach $86,000 May 4-10?"
1779275780,50,0,0,48,2,0,0,50,2159397,price_target,0.0,HOLD,SKIP,"Will Bitcoin reach $86,000 May 4-10?"
1779276299,50,0,0,48,2,0,0,50,2159397,price_target,0.0,HOLD,SKIP,"Will Bitcoin reach $86,000 May 4-10?"
1779276791,50,0,0,48,2,0,0,50,2159397,price_target,0.0,HOLD,SKIP,"Will Bitcoin reach $86,000 May 4-10?"
1779277288,50,0,0,48,2,0,0,50,2159397,price_target,0.0,HOLD,SKIP,"Will Bitcoin reach $86,000 May 4-10?"
1779277798,50,0,0,48,2,0,0,50,2159397,price_target,0.0,HOLD,SKIP,"Will Bitcoin reach $86,000 May 4-10?"
1779278408,50,0,0,48,2,0,0,50,2159397,price_target,0.0,HOLD,SKIP,"Will Bitcoin reach $86,000 May 4-10?"
1779278955,50,0,0,48,2,0,0,50,2159397,price_target,0.0,HOLD,SKIP,"Will Bitcoin reach $86,000 May 4-10?"
1779279480,50,0,0,48,2,0,0,50,2159397,price_target,0.0,HOLD,SKIP,"Will Bitcoin reach $86,000 May 4-10?"
1779280019,50,0,0,48,2,0,0,50,2159397,price_target,0.0,HOLD,SKIP,"Will Bitcoin reach $86,000 May 4-10?"
1779280588,50,0,0,48,2,0,0,50,2159397,price_target,0.0,HOLD,SKIP,"Will Bitcoin reach $86,000 May 4-10?"
1779281095,50,0,0,48,2,0,0,50,2159397,price_target,0.0,HOLD,SKIP,"Will Bitcoin reach $86,000 May 4-10?"
1779281592,50,0,0,48,2,0,0,50,2159397,price_target,0.0,HOLD,SKIP,"Will Bitcoin reach $86,000 May 4-10?"
1779282118,50,0,0,48,2,0,0,50,2159397,price_target,0.0,HOLD,SKIP,"Will Bitcoin reach $86,000 May 4-10?"
1779282633,50,0,0,48,2,0,0,50,2159397,price_target,0.0,HOLD,SKIP,"Will Bitcoin reach $86,000 May 4-10?"
1779283153,50,0,0,48,2,0,0,50,2159397,price_target,0.0,HOLD,SKIP,"Will Bitcoin reach $86,000 May 4-10?"
1779283694,50,0,0,48,2,0,0,50,2159397,price_target,0.0,HOLD,SKIP,"Will Bitcoin reach $86,000 May 4-10?"
1779284215,50,0,0,48,2,0,0,50,2159397,price_target,0.0,HOLD,SKIP,"Will Bitcoin reach $86,000 May 4-10?"
1779284789,50,0,0,48,2,0,0,50,2159397,price_target,0.0,HOLD,SKIP,"Will Bitcoin reach $86,000 May 4-10?"
1779285319,50,0,0,48,2,0,0,50,2159397,price_target,0.0,HOLD,SKIP,"Will Bitcoin reach $86,000 May 4-10?"
1779285845,50,0,0,48,2,0,0,50,2159397,price_target,0.0,HOLD,SKIP,"Will Bitcoin reach $86,000 May 4-10?"
1779286354,50,0,0,48,2,0,0,50,2159397,price_target,0.0,HOLD,SKIP,"Will Bitcoin reach $86,000 May 4-10?"
1779286968,50,0,0,48,2,0,0,50,2159397,price_target,0.0,HOLD,SKIP,"Will Bitcoin reach $86,000 May 4-10?"
1779287541,50,0,0,48,2,0,0,50,2159397,price_target,0.0,HOLD,SKIP,"Will Bitcoin reach $86,000 May 4-10?"
1779288098,50,0,0,48,2,0,0,50,2159397,price_target,0.0,HOLD,SKIP,"Will Bitcoin reach $86,000 May 4-10?"
1779288704,50,0,0,49,1,0,0,50,2159397,price_target,0.0,HOLD,SKIP,"Will Bitcoin reach $86,000 May 4-10?"
1779289219,50,0,0,49,1,0,0,50,2159397,price_target,0.0,HOLD,SKIP,"Will Bitcoin reach $86,000 May 4-10?"
1779289849,50,0,0,49,1,0,0,50,2159397,price_target,0.0,HOLD,SKIP,"Will Bitcoin reach $86,000 May 4-10?"
1779290451,50,0,0,49,1,0,0,50,2159397,price_target,0.0,HOLD,SKIP,"Will Bitcoin reach $86,000 May 4-10?"
1779291010,50,0,0,49,1,0,0,50,2159397,price_target,0.0,HOLD,SKIP,"Will Bitcoin reach $86,000 May 4-10?"
1779291636,50,0,0,49,1,0,0,50,2159397,price_target,0.0,HOLD,SKIP,"Will Bitcoin reach $86,000 May 4-10?"
1779292225,50,0,0,49,1,0,0,50,2159397,price_target,0.0,HOLD,SKIP,"Will Bitcoin reach $86,000 May 4-10?"
1779292832,35,0,0,34,1,0,0,35,2159397,price_target,0.0,HOLD,SKIP,"Will Bitcoin reach $86,000 May 4-10?"
1779293354,35,0,0,34,1,0,0,35,2159397,price_target,0.0,HOLD,SKIP,"Will Bitcoin reach $86,000 May 4-10?"
1779293938,35,0,0,34,1,0,0,35,2159397,price_target,0.0,HOLD,SKIP,"Will Bitcoin reach $86,000 May 4-10?"
1779294502,35,0,0,34,1,0,0,35,2159397,price_target,0.0,HOLD,SKIP,"Will Bitcoin reach $86,000 May 4-10?"
1779295063,35,0,0,34,1,0,0,35,2159397,price_target,0.0,HOLD,SKIP,"Will Bitcoin reach $86,000 May 4-10?"
1779295643,35,0,0,34,1,0,0,35,2159397,price_target,0.0,HOLD,SKIP,"Will Bitcoin reach $86,000 May 4-10?"
1779296163,35,0,0,34,1,0,0,35,2159397,price_target,0.0,HOLD,SKIP,"Will Bitcoin reach $86,000 May 4-10?"
1779296703,35,0,0,34,1,0,0,35,2159397,price_target,0.0,HOLD,SKIP,"Will Bitcoin reach $86,000 May 4-10?"
1779297230,35,0,0,34,1,0,0,35,2159397,price_target,0.0,HOLD,SKIP,"Will Bitcoin reach $86,000 May 4-10?"
1779297671,35,0,0,34,1,0,0,35,2159397,price_target,0.0,HOLD,SKIP,"Will Bitcoin reach $86,000 May 4-10?"
1779298165,35,0,0,34,1,0,0,35,2159397,price_target,0.0,HOLD,SKIP,"Will Bitcoin reach $86,000 May 4-10?"
1779298617,35,0,0,34,1,0,0,35,2159397,price_target,0.0,HOLD,SKIP,"Will Bitcoin reach $86,000 May 4-10?"
1779299034,35,0,0,34,1,0,0,35,2159397,price_target,0.0,HOLD,SKIP,"Will Bitcoin reach $86,000 May 4-10?"
1779299487,35,0,0,34,1,0,0,35,2159397,price_target,0.0,HOLD,SKIP,"Will Bitcoin reach $86,000 May 4-10?"
1779299912,35,0,0,34,1,0,0,35,2159397,price_target,0.0,HOLD,SKIP,"Will Bitcoin reach $86,000 May 4-10?"
1779300327,35,0,0,34,1,0,0,35,2159397,price_target,0.0,HOLD,SKIP,"Will Bitcoin reach $86,000 May 4-10?"
1779300771,35,0,0,34,1,0,0,35,2159397,price_target,0.0,HOLD,SKIP,"Will Bitcoin reach $86,000 May 4-10?"
1779301190,35,0,0,34,1,0,0,35,2159397,price_target,0.0,HOLD,SKIP,"Will Bitcoin reach $86,000 May 4-10?"
1779301599,35,0,0,34,1,0,0,35,2159397,price_target,0.0,HOLD,SKIP,"Will Bitcoin reach $86,000 May 4-10?"
1779302029,35,0,0,34,1,0,0,35,2159397,price_target,0.0,HOLD,SKIP,"Will Bitcoin reach $86,000 May 4-10?"
1779302455,35,0,0,34,1,0,0,35,2159397,price_target,0.0,HOLD,SKIP,"Will Bitcoin reach $86,000 May 4-10?"
1779302991,35,0,0,34,1,0,0,35,2159397,price_target,0.0,HOLD,SKIP,"Will Bitcoin reach $86,000 May 4-10?"
1779303600,35,0,0,34,1,0,0,35,2159397,price_target,0.0,HOLD,SKIP,"Will Bitcoin reach $86,000 May 4-10?"
1779304022,35,0,0,34,1,0,0,35,2159397,price_target,0.0,HOLD,SKIP,"Will Bitcoin reach $86,000 May 4-10?"
1779304432,35,0,0,34,1,0,0,35,2159397,price_target,0.0,HOLD,SKIP,"Will Bitcoin reach $86,000 May 4-10?"
1779304865,35,0,0,34,1,0,0,35,2159397,price_target,0.0,HOLD,SKIP,"Will Bitcoin reach $86,000 May 4-10?"
1779305289,35,0,0,34,1,0,0,35,2159397,price_target,0.0,HOLD,SKIP,"Will Bitcoin reach $86,000 May 4-10?"
1779305695,35,0,0,34,1,0,0,35,2159397,price_target,0.0,HOLD,SKIP,"Will Bitcoin reach $86,000 May 4-10?"
1779306124,35,0,0,34,1,0,0,35,2159397,price_target,0.0,HOLD,SKIP,"Will Bitcoin reach $86,000 May 4-10?"
1779306551,35,0,0,34,1,0,0,35,2159397,price_target,0.0,HOLD,SKIP,"Will Bitcoin reach $86,000 May 4-10?"
1779306957,35,0,0,34,1,0,0,35,2159397,price_target,0.0,HOLD,SKIP,"Will Bitcoin reach $86,000 May 4-10?"
1779307384,35,0,0,34,1,0,0,35,2159397,price_target,0.0,HOLD,SKIP,"Will Bitcoin reach $86,000 May 4-10?"
1779307806,35,0,0,34,1,0,0,35,2159397,price_target,0.0,HOLD,SKIP,"Will Bitcoin reach $86,000 May 4-10?"
1779308212,35,0,0,34,1,0,0,35,2159397,price_target,0.0,HOLD,SKIP,"Will Bitcoin reach $86,000 May 4-10?"
1779308638,35,0,0,34,1,0,0,35,2159397,price_target,0.0,HOLD,SKIP,"Will Bitcoin reach $86,000 May 4-10?"
1779309061,35,0,0,34,1,0,0,35,2159397,price_target,0.0,HOLD,SKIP,"Will Bitcoin reach $86,000 May 4-10?"
1779309470,35,0,0,34,1,0,0,35,2159397,price_target,0.0,HOLD,SKIP,"Will Bitcoin reach $86,000 May 4-10?"
1779309899,35,0,0,34,1,0,0,35,2159397,price_target,0.0,HOLD,SKIP,"Will Bitcoin reach $86,000 May 4-10?"
1779310321,35,0,0,34,1,0,0,35,2159397,price_target,0.0,HOLD,SKIP,"Will Bitcoin reach $86,000 May 4-10?"
1779310738,35,0,0,34,1,0,0,35,2159397,price_target,0.0,HOLD,SKIP,"Will Bitcoin reach $86,000 May 4-10?"
1779311166,35,0,0,34,1,0,0,35,2159397,price_target,0.0,HOLD,SKIP,"Will Bitcoin reach $86,000 May 4-10?"
1779311587,35,0,0,34,1,0,0,35,2159397,price_target,0.0,HOLD,SKIP,"Will Bitcoin reach $86,000 May 4-10?"
1779311995,35,0,0,34,1,0,0,35,2159397,price_target,0.0,HOLD,SKIP,"Will Bitcoin reach $86,000 May 4-10?"
1779312422,35,0,0,34,1,0,0,35,2159397,price_target,0.0,HOLD,SKIP,"Will Bitcoin reach $86,000 May 4-10?"
1779312844,35,0,0,34,1,0,0,35,2159397,price_target,0.0,HOLD,SKIP,"Will Bitcoin reach $86,000 May 4-10?"
1779313251,35,0,0,34,1,0,0,35,2159397,price_target,0.0,HOLD,SKIP,"Will Bitcoin reach $86,000 May 4-10?"
1779313674,35,0,0,34,1,0,0,35,2159397,price_target,0.0,HOLD,SKIP,"Will Bitcoin reach $86,000 May 4-10?"
1779314096,35,0,0,34,1,0,0,35,2159397,price_target,0.0,HOLD,SKIP,"Will Bitcoin reach $86,000 May 4-10?"
1779314503,35,0,0,34,1,0,0,35,2159397,price_target,0.0,HOLD,SKIP,"Will Bitcoin reach $86,000 May 4-10?"
1779314927,35,0,0,34,1,0,0,35,2159397,price_target,0.0,HOLD,SKIP,"Will Bitcoin reach $86,000 May 4-10?"
1779315349,35,0,0,33,2,0,0,35,2159397,price_target,0.0,HOLD,SKIP,"Will Bitcoin reach $86,000 May 4-10?"
1779315758,35,0,0,33,2,0,0,35,2159397,price_target,0.0,HOLD,SKIP,"Will Bitcoin reach $86,000 May 4-10?"
1779316185,35,0,0,33,2,0,0,35,2159397,price_target,0.0,HOLD,SKIP,"Will Bitcoin reach $86,000 May 4-10?"
1779316613,35,0,0,34,1,0,0,35,2159397,price_target,0.0,HOLD,SKIP,"Will Bitcoin reach $86,000 May 4-10?"
1779317024,35,0,0,34,1,0,0,35,2159397,price_target,0.0,HOLD,SKIP,"Will Bitcoin reach $86,000 May 4-10?"
1779317449,35,0,0,34,1,0,0,35,2159397,price_target,0.0,HOLD,SKIP,"Will Bitcoin reach $86,000 May 4-10?"
1779317874,35,0,0,34,1,0,0,35,2159397,price_target,0.0,HOLD,SKIP,"Will Bitcoin reach $86,000 May 4-10?"
1779318282,35,0,0,34,1,0,0,35,2159397,price_target,0.0,HOLD,SKIP,"Will Bitcoin reach $86,000 May 4-10?"
1779318711,35,0,0,34,1,0,0,35,2159397,price_target,0.0,HOLD,SKIP,"Will Bitcoin reach $86,000 May 4-10?"
1779319136,35,0,0,34,1,0,0,35,2159397,price_target,0.0,HOLD,SKIP,"Will Bitcoin reach $86,000 May 4-10?"
1779319545,35,0,0,34,1,0,0,35,2159397,price_target,0.0,HOLD,SKIP,"Will Bitcoin reach $86,000 May 4-10?"
1779319973,35,0,0,34,1,0,0,35,2159397,price_target,0.0,HOLD,SKIP,"Will Bitcoin reach $86,000 May 4-10?"
1779320396,35,0,0,34,1,0,0,35,2159397,price_target,0.0,HOLD,SKIP,"Will Bitcoin reach $86,000 May 4-10?"
1779320804,35,0,0,34,1,0,0,35,2159397,price_target,0.0,HOLD,SKIP,"Will Bitcoin reach $86,000 May 4-10?"
1779321230,35,0,0,34,1,0,0,35,2159397,price_target,0.0,HOLD,SKIP,"Will Bitcoin reach $86,000 May 4-10?"
1779321655,35,0,0,34,1,0,0,35,2159397,price_target,0.0,HOLD,SKIP,"Will Bitcoin reach $86,000 May 4-10?"
1779322067,35,0,0,34,1,0,0,35,2159397,price_target,0.0,HOLD,SKIP,"Will Bitcoin reach $86,000 May 4-10?"
1779322492,35,0,0,34,1,0,0,35,2159397,price_target,0.0,HOLD,SKIP,"Will Bitcoin reach $86,000 May 4-10?"
1779322915,35,0,0,34,1,0,0,35,2159397,price_target,0.0,HOLD,SKIP,"Will Bitcoin reach $86,000 May 4-10?"
1779323323,35,0,0,34,1,0,0,35,2159397,price_target,0.0,HOLD,SKIP,"Will Bitcoin reach $86,000 May 4-10?"
1779323751,35,0,0,34,1,0,0,35,2159397,price_target,0.0,HOLD,SKIP,"Will Bitcoin reach $86,000 May 4-10?"
1779324176,35,0,0,34,1,0,0,35,2159397,price_target,0.0,HOLD,SKIP,"Will Bitcoin reach $86,000 May 4-10?"
1779324585,35,0,0,34,1,0,0,35,2159397,price_target,0.0,HOLD,SKIP,"Will Bitcoin reach $86,000 May 4-10?"
1779325015,35,0,0,34,1,0,0,35,2159397,price_target,0.0,HOLD,SKIP,"Will Bitcoin reach $86,000 May 4-10?"
1779325440,35,0,0,34,1,0,0,35,2159397,price_target,0.0,HOLD,SKIP,"Will Bitcoin reach $86,000 May 4-10?"
1779325855,35,0,0,34,1,0,0,35,2159397,price_target,0.0,HOLD,SKIP,"Will Bitcoin reach $86,000 May 4-10?"
1779326315,35,0,0,34,1,0,0,35,2159397,price_target,0.0,HOLD,SKIP,"Will Bitcoin reach $86,000 May 4-10?"
1779326751,35,0,0,34,1,0,0,35,2159397,price_target,0.0,HOLD,SKIP,"Will Bitcoin reach $86,000 May 4-10?"
1779327162,35,0,0,34,1,0,0,35,2159397,price_target,0.0,HOLD,SKIP,"Will Bitcoin reach $86,000 May 4-10?"
1779327604,35,0,0,34,1,0,0,35,2159397,price_target,0.0,HOLD,SKIP,"Will Bitcoin reach $86,000 May 4-10?"
1779328045,35,0,0,34,1,0,0,35,2159397,price_target,0.0,HOLD,SKIP,"Will Bitcoin reach $86,000 May 4-10?"
1779328468,35,0,0,34,1,0,0,35,2159397,price_target,0.0,HOLD,SKIP,"Will Bitcoin reach $86,000 May 4-10?"
1779328915,35,0,0,34,1,0,0,35,2159397,price_target,0.0,HOLD,SKIP,"Will Bitcoin reach $86,000 May 4-10?"
1779329349,35,0,0,34,1,0,0,35,2159397,price_target,0.0,HOLD,SKIP,"Will Bitcoin reach $86,000 May 4-10?"
1779329762,35,0,0,34,1,0,0,35,2159397,price_target,0.0,HOLD,SKIP,"Will Bitcoin reach $86,000 May 4-10?"
1779330199,35,0,0,34,1,0,0,35,2159397,price_target,0.0,HOLD,SKIP,"Will Bitcoin reach $86,000 May 4-10?"
1779330642,35,0,0,34,1,0,0,35,2159397,price_target,0.0,HOLD,SKIP,"Will Bitcoin reach $86,000 May 4-10?"
1779331068,35,0,0,34,1,0,0,35,2159397,price_target,0.0,HOLD,SKIP,"Will Bitcoin reach $86,000 May 4-10?"
1779331495,35,0,0,34,1,0,0,35,2159397,price_target,0.0,HOLD,SKIP,"Will Bitcoin reach $86,000 May 4-10?"
1779331932,35,0,0,34,1,0,0,35,2159397,price_target,0.0,HOLD,SKIP,"Will Bitcoin reach $86,000 May 4-10?"
1779332352,35,0,0,34,1,0,0,35,2159397,price_target,0.0,HOLD,SKIP,"Will Bitcoin reach $86,000 May 4-10?"
1779332788,35,0,0,34,1,0,0,35,2159397,price_target,0.0,HOLD,SKIP,"Will Bitcoin reach $86,000 May 4-10?"
1779333216,35,0,0,34,1,0,0,35,2159397,price_target,0.0,HOLD,SKIP,"Will Bitcoin reach $86,000 May 4-10?"
1779333636,35,0,0,34,1,0,0,35,2159397,price_target,0.0,HOLD,SKIP,"Will Bitcoin reach $86,000 May 4-10?"
1779334073,35,0,0,34,1,0,0,35,2159397,price_target,0.0,HOLD,SKIP,"Will Bitcoin reach $86,000 May 4-10?"
1779334505,35,0,0,34,1,0,0,35,2159397,price_target,0.0,HOLD,SKIP,"Will Bitcoin reach $86,000 May 4-10?"
1779334927,35,0,0,34,1,0,0,35,2159397,price_target,0.0,HOLD,SKIP,"Will Bitcoin reach $86,000 May 4-10?"
1779335376,35,0,0,34,1,0,0,35,2159397,price_target,0.0,HOLD,SKIP,"Will Bitcoin reach $86,000 May 4-10?"
1779335809,35,0,0,34,1,0,0,35,2159397,price_target,0.0,HOLD,SKIP,"Will Bitcoin reach $86,000 May 4-10?"
1779336232,35,0,0,34,1,0,0,35,2159397,price_target,0.0,HOLD,SKIP,"Will Bitcoin reach $86,000 May 4-10?"
1779336667,35,0,0,34,1,0,0,35,2159397,price_target,0.0,HOLD,SKIP,"Will Bitcoin reach $86,000 May 4-10?"
1779337109,35,0,0,34,1,0,0,35,2159397,price_target,0.0,HOLD,SKIP,"Will Bitcoin reach $86,000 May 4-10?"
1779337529,35,0,0,34,1,0,0,35,2159397,price_target,0.0,HOLD,SKIP,"Will Bitcoin reach $86,000 May 4-10?"
1779337995,35,0,0,34,1,0,0,35,2159397,price_target,0.0,HOLD,SKIP,"Will Bitcoin reach $86,000 May 4-10?"
1779338448,35,0,0,34,1,0,0,35,2159397,price_target,0.0,HOLD,SKIP,"Will Bitcoin reach $86,000 May 4-10?"
1779338950,35,0,0,34,1,0,0,35,2159397,price_target,0.0,HOLD,SKIP,"Will Bitcoin reach $86,000 May 4-10?"
1779339436,35,0,0,34,1,0,0,35,2159397,price_target,0.0,HOLD,SKIP,"Will Bitcoin reach $86,000 May 4-10?"
1779339952,35,0,0,34,1,0,0,35,2159397,price_target,0.0,HOLD,SKIP,"Will Bitcoin reach $86,000 May 4-10?"
1779340478,35,0,0,34,1,0,0,35,2159397,price_target,0.0,HOLD,SKIP,"Will Bitcoin reach $86,000 May 4-10?"
1779341033,35,0,0,34,1,0,0,35,2159397,price_target,0.0,HOLD,SKIP,"Will Bitcoin reach $86,000 May 4-10?"
1779341546,35,0,0,34,1,0,0,35,2159397,price_target,0.0,HOLD,SKIP,"Will Bitcoin reach $86,000 May 4-10?"
1779342035,35,0,0,34,1,0,0,35,2159397,price_target,0.0,HOLD,SKIP,"Will Bitcoin reach $86,000 May 4-10?"
1779342553,35,0,0,34,1,0,0,35,2159397,price_target,0.0,HOLD,SKIP,"Will Bitcoin reach $86,000 May 4-10?"
1779343035,35,0,0,34,1,0,0,35,2159397,price_target,0.0,HOLD,SKIP,"Will Bitcoin reach $86,000 May 4-10?"
1779343511,35,0,0,34,1,0,0,35,2159397,price_target,0.0,HOLD,SKIP,"Will Bitcoin reach $86,000 May 4-10?"
1779344015,35,0,0,34,1,0,0,35,2159397,price_target,0.0,HOLD,SKIP,"Will Bitcoin reach $86,000 May 4-10?"
1779344486,35,0,0,34,1,0,0,35,2159397,price_target,0.0,HOLD,SKIP,"Will Bitcoin reach $86,000 May 4-10?"
1779345002,35,0,0,34,1,0,0,35,2159397,price_target,0.0,HOLD,SKIP,"Will Bitcoin reach $86,000 May 4-10?"
1779345496,35,0,0,34,1,0,0,35,2159397,price_target,0.0,HOLD,SKIP,"Will Bitcoin reach $86,000 May 4-10?"
1779346018,35,0,0,34,1,0,0,35,2159397,price_target,0.0,HOLD,SKIP,"Will Bitcoin reach $86,000 May 4-10?"
1779346485,35,0,0,34,1,0,0,35,2159397,price_target,0.0,HOLD,SKIP,"Will Bitcoin reach $86,000 May 4-10?"
1779346976,35,0,0,34,1,0,0,35,2159397,price_target,0.0,HOLD,SKIP,"Will Bitcoin reach $86,000 May 4-10?"
1779347463,35,0,0,34,1,0,0,35,2159397,price_target,0.0,HOLD,SKIP,"Will Bitcoin reach $86,000 May 4-10?"
1779347956,35,0,0,34,1,0,0,35,2159397,price_target,0.0,HOLD,SKIP,"Will Bitcoin reach $86,000 May 4-10?"
1779348460,35,0,0,34,1,0,0,35,2159397,price_target,0.0,HOLD,SKIP,"Will Bitcoin reach $86,000 May 4-10?"
1779348944,35,0,0,34,1,0,0,35,2159397,price_target,0.0,HOLD,SKIP,"Will Bitcoin reach $86,000 May 4-10?"
1779349413,35,0,0,34,1,0,0,35,2159397,price_target,0.0,HOLD,SKIP,"Will Bitcoin reach $86,000 May 4-10?"
1779349933,35,0,0,34,1,0,0,35,2159397,price_target,0.0,HOLD,SKIP,"Will Bitcoin reach $86,000 May 4-10?"
1779350404,35,0,0,34,1,0,0,35,2159397,price_target,0.0,HOLD,SKIP,"Will Bitcoin reach $86,000 May 4-10?"
1779350880,35,0,0,34,1,0,0,35,2159397,price_target,0.0,HOLD,SKIP,"Will Bitcoin reach $86,000 May 4-10?"
1779351377,35,0,0,34,1,0,0,35,2159397,price_target,0.0,HOLD,SKIP,"Will Bitcoin reach $86,000 May 4-10?"
1779351836,35,0,0,34,1,0,0,35,2159397,price_target,0.0,HOLD,SKIP,"Will Bitcoin reach $86,000 May 4-10?"
1779352283,35,0,0,34,1,0,0,35,2159397,price_target,0.0,HOLD,SKIP,"Will Bitcoin reach $86,000 May 4-10?"
1779352768,35,0,0,34,1,0,0,35,2159397,price_target,0.0,HOLD,SKIP,"Will Bitcoin reach $86,000 May 4-10?"
1779353299,35,0,0,34,1,0,0,35,2159397,price_target,0.0,HOLD,SKIP,"Will Bitcoin reach $86,000 May 4-10?"
1779353745,35,0,0,34,1,0,0,35,2159397,price_target,0.0,HOLD,SKIP,"Will Bitcoin reach $86,000 May 4-10?"
1779354218,35,0,0,34,1,0,0,35,2159397,price_target,0.0,HOLD,SKIP,"Will Bitcoin reach $86,000 May 4-10?"
1779354694,35,0,0,34,1,0,0,35,2159397,price_target,0.0,HOLD,SKIP,"Will Bitcoin reach $86,000 May 4-10?"
1779355163,35,0,0,34,1,0,0,35,2159397,price_target,0.0,HOLD,SKIP,"Will Bitcoin reach $86,000 May 4-10?"
1779355627,35,0,0,34,1,0,0,35,2159397,price_target,0.0,HOLD,SKIP,"Will Bitcoin reach $86,000 May 4-10?"
1779356089,35,0,0,34,1,0,0,35,2159397,price_target,0.0,HOLD,SKIP,"Will Bitcoin reach $86,000 May 4-10?"
1779356508,35,0,0,34,1,0,0,35,2159397,price_target,0.0,HOLD,SKIP,"Will Bitcoin reach $86,000 May 4-10?"
1779356960,35,0,0,34,1,0,0,35,2159397,price_target,0.0,HOLD,SKIP,"Will Bitcoin reach $86,000 May 4-10?"
1779357419,35,0,0,34,1,0,0,35,2159397,price_target,0.0,HOLD,SKIP,"Will Bitcoin reach $86,000 May 4-10?"
1779357849,35,0,0,34,1,0,0,35,2159397,price_target,0.0,HOLD,SKIP,"Will Bitcoin reach $86,000 May 4-10?"
1779358296,35,0,0,34,1,0,0,35,2159397,price_target,0.0,HOLD,SKIP,"Will Bitcoin reach $86,000 May 4-10?"
1779358799,35,0,0,34,1,0,0,35,2159397,price_target,0.0,HOLD,SKIP,"Will Bitcoin reach $86,000 May 4-10?"
1779359259,35,0,0,34,1,0,0,35,2159397,price_target,0.0,HOLD,SKIP,"Will Bitcoin reach $86,000 May 4-10?"
1779359715,35,0,0,34,1,0,0,35,2159397,price_target,0.0,HOLD,SKIP,"Will Bitcoin reach $86,000 May 4-10?"
1779360175,35,0,0,34,1,0,0,35,2159397,price_target,0.0,HOLD,SKIP,"Will Bitcoin reach $86,000 May 4-10?"
1779360614,35,0,0,35,0,0,0,35,2159397,price_target,0.0,HOLD,SKIP,"Will Bitcoin reach $86,000 May 4-10?"
1779361126,35,0,0,35,0,0,0,35,2159397,price_target,0.0,HOLD,SKIP,"Will Bitcoin reach $86,000 May 4-10?"
1779361577,35,0,0,35,0,0,0,35,2159397,price_target,0.0,HOLD,SKIP,"Will Bitcoin reach $86,000 May 4-10?"
1779362071,35,0,0,35,0,0,0,35,2159397,price_target,0.0,HOLD,SKIP,"Will Bitcoin reach $86,000 May 4-10?"
1779362554,35,0,0,35,0,0,0,35,2159397,price_target,0.0,HOLD,SKIP,"Will Bitcoin reach $86,000 May 4-10?"
1779363066,35,0,0,35,0,0,0,35,2159397,price_target,0.0,HOLD,SKIP,"Will Bitcoin reach $86,000 May 4-10?"
1779363535,35,0,0,35,0,0,0,35,2159397,price_target,0.0,HOLD,SKIP,"Will Bitcoin reach $86,000 May 4-10?"
1779364087,35,0,0,35,0,0,0,35,2159397,price_target,0.0,HOLD,SKIP,"Will Bitcoin reach $86,000 May 4-10?"
1779364590,35,0,0,35,0,0,0,35,2159397,price_target,0.0,HOLD,SKIP,"Will Bitcoin reach $86,000 May 4-10?"
1779365114,35,0,0,35,0,0,0,35,2159397,price_target,0.0,HOLD,SKIP,"Will Bitcoin reach $86,000 May 4-10?"
1779365595,35,0,0,35,0,0,0,35,2159397,price_target,0.0,HOLD,SKIP,"Will Bitcoin reach $86,000 May 4-10?"
1779366061,35,0,0,35,0,0,0,35,2159397,price_target,0.0,HOLD,SKIP,"Will Bitcoin reach $86,000 May 4-10?"
1779366571,35,0,0,35,0,0,0,35,2159397,price_target,0.0,HOLD,SKIP,"Will Bitcoin reach $86,000 May 4-10?"
1779367128,35,0,0,35,0,0,0,35,2159397,price_target,0.0,HOLD,SKIP,"Will Bitcoin reach $86,000 May 4-10?"
1779367636,35,0,0,35,0,0,0,35,2159397,price_target,0.0,HOLD,SKIP,"Will Bitcoin reach $86,000 May 4-10?"
1779368173,35,0,0,35,0,0,0,35,2159397,price_target,0.0,HOLD,SKIP,"Will Bitcoin reach $86,000 May 4-10?"
1779368677,35,0,0,35,0,0,0,35,2159397,price_target,0.0,HOLD,SKIP,"Will Bitcoin reach $86,000 May 4-10?"
1779369201,35,0,0,35,0,0,0,35,2159397,price_target,0.0,HOLD,SKIP,"Will Bitcoin reach $86,000 May 4-10?"
1779369727,35,0,0,35,0,0,0,35,2159397,price_target,0.0,HOLD,SKIP,"Will Bitcoin reach $86,000 May 4-10?"
1779370286,35,0,0,35,0,0,0,35,2159397,price_target,0.0,HOLD,SKIP,"Will Bitcoin reach $86,000 May 4-10?"
1779370848,35,0,0,35,0,0,0,35,2159397,price_target,0.0,HOLD,SKIP,"Will Bitcoin reach $86,000 May 4-10?"
1779371415,35,0,0,35,0,0,0,35,2159397,price_target,0.0,HOLD,SKIP,"Will Bitcoin reach $86,000 May 4-10?"
1779371931,35,0,0,35,0,0,0,35,2159397,price_target,0.0,HOLD,SKIP,"Will Bitcoin reach $86,000 May 4-10?"
1779372453,104,0,0,100,4,0,0,104,2251416,price_range_daily,-0.0075349999999999966,HOLD,SKIP,"Will the price of Bitcoin be above $76,000 on May 20?"
1779372460,104,0,0,100,4,0,0,104,2251416,price_range_daily,-0.0075349999999999966,HOLD,SKIP,"Will the price of Bitcoin be above $76,000 on May 20?"
1779372731,104,0,0,102,2,0,0,104,2251416,price_range_daily,0.019506666666666745,HOLD,SKIP,"Will the price of Bitcoin be above $76,000 on May 20?"
1779373213,104,0,0,102,2,0,0,104,2251416,price_range_daily,0.019506666666666745,HOLD,SKIP,"Will the price of Bitcoin be above $76,000 on May 20?"
1779374084,104,0,0,102,2,0,0,104,2251416,price_range_daily,0.019506666666666745,HOLD,SKIP,"Will the price of Bitcoin be above $76,000 on May 20?"
1779374825,104,0,0,102,2,0,0,104,2251416,price_range_daily,0.019506666666666745,HOLD,SKIP,"Will the price of Bitcoin be above $76,000 on May 20?"
1779375588,104,0,0,102,2,0,0,104,2251416,price_range_daily,0.019506666666666745,HOLD,SKIP,"Will the price of Bitcoin be above $76,000 on May 20?"
1779376313,104,0,0,102,2,0,0,104,2251416,price_range_daily,0.019506666666666745,HOLD,SKIP,"Will the price of Bitcoin be above $76,000 on May 20?"
1779377187,104,0,0,101,3,0,0,104,2251416,price_range_daily,0.019506666666666745,HOLD,SKIP,"Will the price of Bitcoin be above $76,000 on May 20?"
1779377762,48,0,0,45,3,0,0,48,2261224,price_range_daily,-0.0075349999999999966,HOLD,SKIP,"Will the price of Bitcoin be above $72,000 on May 21?"
1779378100,48,0,0,45,3,0,0,48,2261227,price_range_daily,-0.007312777777777762,HOLD,SKIP,"Will the price of Bitcoin be above $74,000 on May 21?"
1779378454,5,0,0,5,0,0,0,5,2109881,indirect_event,-0.0273,HOLD,SKIP,Will Anthropic flip BTC by December 31?
1779378750,4,0,0,4,0,0,0,4,2109881,indirect_event,-0.0273,HOLD,SKIP,Will Anthropic flip BTC by December 31?
1779378937,0,0,0,0,0,0,0,0,,,0.0,DATA_DEGRADED,SKIP,live market data unavailable; local cache not used for realtime paper-run
1779379034,91,0,0,88,3,0,0,91,2251416,price_range_daily,0.019506666666666745,HOLD,SKIP,"Will the price of Bitcoin be above $76,000 on May 20?"
1779379723,91,0,0,88,3,0,0,91,2251416,price_range_daily,0.019506666666666745,HOLD,SKIP,"Will the price of Bitcoin be above $76,000 on May 20?"
1779381359,91,0,0,88,3,0,0,91,2251416,price_range_daily,0.019506666666666745,HOLD,SKIP,"Will the price of Bitcoin be above $76,000 on May 20?"
1779383043,91,0,0,89,2,0,0,91,2251416,price_range_daily,0.019506666666666745,HOLD,SKIP,"Will the price of Bitcoin be above $76,000 on May 20?"
1779384415,91,0,0,89,2,0,0,91,2251416,price_range_daily,0.019506666666666745,HOLD,SKIP,"Will the price of Bitcoin be above $76,000 on May 20?"
1779385591,91,0,0,89,2,0,0,91,2251416,price_range_daily,0.019506666666666745,HOLD,SKIP,"Will the price of Bitcoin be above $76,000 on May 20?"
1779386674,91,0,0,89,2,0,0,91,2251416,price_range_daily,0.019506666666666745,HOLD,SKIP,"Will the price of Bitcoin be above $76,000 on May 20?"
1779387681,91,1,0,88,2,1,0,90,2251416,price_range_daily,0.019506666666666745,HOLD,SKIP,"Will the price of Bitcoin be above $76,000 on May 20?"
1779388692,91,0,0,89,2,0,0,91,2269343,price_range_daily,0.02044444444444453,HOLD,SKIP,"Will the price of Bitcoin be above $76,000 on May 22?"
1779389685,91,1,0,90,0,1,0,90,2269343,price_range_daily,0.021672222222222266,BUY_YES,TAKER,"Will the price of Bitcoin be above $76,000 on May 22?"
1779390688,91,2,0,89,0,2,0,89,2269343,price_range_daily,0.02452499999999994,BUY_YES,TAKER,"Will the price of Bitcoin be above $76,000 on May 22?"
1779391684,91,1,0,90,0,1,0,90,2269343,price_range_daily,0.029808333333333322,BUY_YES,TAKER,"Will the price of Bitcoin be above $76,000 on May 22?"
1779392719,91,0,0,91,0,0,0,91,2269343,price_range_daily,0.03707638888888891,HOLD,SKIP,"Will the price of Bitcoin be above $76,000 on May 22?"
1779393767,91,1,0,89,1,1,0,90,2269343,price_range_daily,0.04683888888888888,HOLD,SKIP,"Will the price of Bitcoin be above $76,000 on May 22?"
1779394810,91,1,0,89,1,1,0,90,2269343,price_range_daily,0.04989444444444447,HOLD,SKIP,"Will the price of Bitcoin be above $76,000 on May 22?"
1779395851,91,1,0,89,1,1,0,90,2269343,price_range_daily,0.05031666666666676,HOLD,SKIP,"Will the price of Bitcoin be above $76,000 on May 22?"
1779396912,91,0,0,90,1,0,0,91,2269343,price_range_daily,0.04892222222222232,HOLD,SKIP,"Will the price of Bitcoin be above $76,000 on May 22?"
1779397945,91,0,0,90,1,0,0,91,2269343,price_range_daily,0.04920000000000003,HOLD,SKIP,"Will the price of Bitcoin be above $76,000 on May 22?"
1779398991,91,0,0,90,1,0,0,91,2269343,price_range_daily,0.05108055555555566,HOLD,SKIP,"Will the price of Bitcoin be above $76,000 on May 22?"
1779400042,91,0,0,90,1,0,0,91,2269343,price_range_daily,0.051983333333333354,HOLD,SKIP,"Will the price of Bitcoin be above $76,000 on May 22?"
1779401085,91,1,0,90,0,1,0,90,2269343,price_range_daily,0.056288888888888916,HOLD,SKIP,"Will the price of Bitcoin be above $76,000 on May 22?"
1779402135,91,1,0,90,0,1,0,90,2269343,price_range_daily,0.059066666666666684,HOLD,SKIP,"Will the price of Bitcoin be above $76,000 on May 22?"
1779403169,91,1,0,90,0,1,0,90,2269343,price_range_daily,0.05969166666666667,HOLD,SKIP,"Will the price of Bitcoin be above $76,000 on May 22?"
1779404219,91,1,0,90,0,1,0,90,2269343,price_range_daily,0.05823333333333333,HOLD,SKIP,"Will the price of Bitcoin be above $76,000 on May 22?"
1779405247,91,1,0,90,0,1,0,90,2269343,price_range_daily,0.05649722222222228,HOLD,SKIP,"Will the price of Bitcoin be above $76,000 on May 22?"
1779406273,91,0,0,91,0,0,0,91,2269343,price_range_daily,0.05406666666666668,HOLD,SKIP,"Will the price of Bitcoin be above $76,000 on May 22?"
1779407293,91,0,0,91,0,0,0,91,2269343,price_range_daily,0.05135833333333337,HOLD,SKIP,"Will the price of Bitcoin be above $76,000 on May 22?"
1779408317,91,0,0,91,0,0,0,91,2269343,price_range_daily,0.04969166666666666,HOLD,SKIP,"Will the price of Bitcoin be above $76,000 on May 22?"
1779409344,91,0,0,91,0,0,0,91,2269343,price_range_daily,0.04538055555555554,HOLD,SKIP,"Will the price of Bitcoin be above $76,000 on May 22?"
1779410371,91,0,0,91,0,0,0,91,2269343,price_range_daily,0.04190833333333333,HOLD,SKIP,"Will the price of Bitcoin be above $76,000 on May 22?"
1779411395,91,0,0,91,0,0,0,91,2269343,price_range_daily,0.03788055555555559,HOLD,SKIP,"Will the price of Bitcoin be above $76,000 on May 22?"
1779412455,91,0,0,91,0,0,0,91,2269343,price_range_daily,0.03370833333333327,HOLD,SKIP,"Will the price of Bitcoin be above $76,000 on May 22?"
1779413499,91,0,0,90,1,0,0,91,2269343,price_range_daily,0.030172222222222163,HOLD,SKIP,"Will the price of Bitcoin be above $76,000 on May 22?"
1779414628,105,0,0,104,1,0,0,105,692258,company_treasury,0.026986666666666638,HOLD,SKIP,"MicroStrategy sells any Bitcoin by June 30, 2026?"
1779415806,105,0,0,103,2,0,0,105,2269343,price_range_daily,0.023655555555555586,HOLD,SKIP,"Will the price of Bitcoin be above $76,000 on May 22?"
1779417027,105,0,0,103,2,0,0,105,2269343,price_range_daily,0.020466666666666643,HOLD,SKIP,"Will the price of Bitcoin be above $76,000 on May 22?"
1779418240,105,0,0,103,2,0,0,105,2251416,price_range_daily,0.019506666666666745,HOLD,SKIP,"Will the price of Bitcoin be above $76,000 on May 20?"
1779419532,105,0,0,103,2,0,0,105,2251416,price_range_daily,0.019506666666666745,HOLD,SKIP,"Will the price of Bitcoin be above $76,000 on May 20?"
1779420786,105,0,0,103,2,0,0,105,2251416,price_range_daily,0.019506666666666745,HOLD,SKIP,"Will the price of Bitcoin be above $76,000 on May 20?"
1779422103,105,0,0,103,2,0,0,105,2251416,price_range_daily,0.019506666666666745,HOLD,SKIP,"Will the price of Bitcoin be above $76,000 on May 20?"
1779423541,105,0,0,103,2,0,0,105,2269343,price_range_daily,0.020084999999999954,HOLD,SKIP,"Will the price of Bitcoin be above $76,000 on May 22?"
1779425142,105,0,0,104,1,0,0,105,2251416,price_range_daily,0.019506666666666745,HOLD,SKIP,"Will the price of Bitcoin be above $76,000 on May 20?"
1779427086,105,0,0,105,0,0,0,105,2251416,price_range_daily,0.019506666666666745,HOLD,SKIP,"Will the price of Bitcoin be above $76,000 on May 20?"
1779428669,105,0,0,105,0,0,0,105,2251416,price_range_daily,0.019506666666666745,HOLD,SKIP,"Will the price of Bitcoin be above $76,000 on May 20?"
1779430396,105,0,0,104,1,0,0,105,2251416,price_range_daily,0.019506666666666745,HOLD,SKIP,"Will the price of Bitcoin be above $76,000 on May 20?"
1779432344,105,0,0,104,1,0,0,105,2251416,price_range_daily,0.019506666666666745,HOLD,SKIP,"Will the price of Bitcoin be above $76,000 on May 20?"
1779434146,105,0,0,104,1,0,0,105,2251416,price_range_daily,0.019506666666666745,HOLD,SKIP,"Will the price of Bitcoin be above $76,000 on May 20?"
1779435776,105,0,0,104,1,0,0,105,2251416,price_range_daily,0.019506666666666745,HOLD,SKIP,"Will the price of Bitcoin be above $76,000 on May 20?"
1779437938,105,0,0,104,1,0,0,105,2251416,price_range_daily,0.019506666666666745,HOLD,SKIP,"Will the price of Bitcoin be above $76,000 on May 20?"
1779439568,105,0,0,104,1,0,0,105,2251416,price_range_daily,0.019506666666666745,HOLD,SKIP,"Will the price of Bitcoin be above $76,000 on May 20?"
1779441166,105,0,0,104,1,0,0,105,2251416,price_range_daily,0.019506666666666745,HOLD,SKIP,"Will the price of Bitcoin be above $76,000 on May 20?"
1779442604,105,0,0,104,1,0,0,105,2251416,price_range_daily,0.019506666666666745,HOLD,SKIP,"Will the price of Bitcoin be above $76,000 on May 20?"
1779444000,105,0,0,104,1,0,0,105,2251416,price_range_daily,0.019506666666666745,HOLD,SKIP,"Will the price of Bitcoin be above $76,000 on May 20?"
1779445256,105,0,0,104,1,0,0,105,2251416,price_range_daily,0.019506666666666745,HOLD,SKIP,"Will the price of Bitcoin be above $76,000 on May 20?"
1779446699,105,0,0,104,1,0,0,105,2251416,price_range_daily,0.019506666666666745,HOLD,SKIP,"Will the price of Bitcoin be above $76,000 on May 20?"
1779448390,105,0,0,104,1,0,0,105,2251416,price_range_daily,0.019506666666666745,HOLD,SKIP,"Will the price of Bitcoin be above $76,000 on May 20?"
1779450022,105,0,0,104,1,0,0,105,2251416,price_range_daily,0.019506666666666745,HOLD,SKIP,"Will the price of Bitcoin be above $76,000 on May 20?"
1779451631,105,0,0,104,1,0,0,105,2251416,price_range_daily,0.019506666666666745,HOLD,SKIP,"Will the price of Bitcoin be above $76,000 on May 20?"
1779453708,105,0,0,103,2,0,0,105,2251416,price_range_daily,0.019506666666666745,HOLD,SKIP,"Will the price of Bitcoin be above $76,000 on May 20?"
1779455683,105,0,0,103,2,0,0,105,2251416,price_range_daily,0.019506666666666745,HOLD,SKIP,"Will the price of Bitcoin be above $76,000 on May 20?"
1779457567,105,0,0,105,0,0,0,105,2251416,price_range_daily,0.019506666666666745,HOLD,SKIP,"Will the price of Bitcoin be above $76,000 on May 20?"
1779459621,105,1,0,104,0,1,0,104,2251416,price_range_daily,0.019506666666666745,HOLD,SKIP,"Will the price of Bitcoin be above $76,000 on May 20?"
1779461332,33,0,0,33,0,0,0,33,2251416,price_range_daily,0.019506666666666745,HOLD,SKIP,"Will the price of Bitcoin be above $76,000 on May 20?"
1779461876,105,1,0,101,3,1,0,104,2251419,price_range_daily,0.114215,HOLD,SKIP,"Will the price of Bitcoin be above $78,000 on May 20?"
1779464071,105,1,0,102,2,1,0,104,2261232,price_range_daily,0.1311490277777778,HOLD,SKIP,"Will the price of Bitcoin be above $78,000 on May 21?"
1779465428,0,0,0,0,0,0,0,0,,,0.0,DATA_DEGRADED,SKIP,live market data unavailable; local cache not used for realtime paper-run
1779466547,0,0,0,0,0,0,0,0,,,0.0,DATA_DEGRADED,SKIP,live market data unavailable; local cache not used for realtime paper-run
1779467449,30,0,0,28,2,0,0,30,2269345,price_range_daily,0.11526708333333334,HOLD,SKIP,"Will the price of Bitcoin be above $78,000 on May 22?"
1779467689,27,0,0,27,0,0,0,27,2269343,price_range_daily,0.003155972222222265,HOLD,SKIP,"Will the price of Bitcoin be above $76,000 on May 22?"
1779469024,0,0,0,0,0,0,0,0,,,0.0,DATA_DEGRADED,SKIP,live market data unavailable; local cache not used for realtime paper-run
1779470027,4,0,0,4,0,0,0,4,2109881,indirect_event,-0.0265,HOLD,SKIP,Will Anthropic flip BTC by December 31?
1779471181,40,0,0,38,2,0,0,40,2269345,price_range_daily,0.10096152777777778,HOLD,SKIP,"Will the price of Bitcoin be above $78,000 on May 22?"
1779472158,36,0,0,35,1,0,0,36,2269345,price_range_daily,0.09310041666666666,HOLD,SKIP,"Will the price of Bitcoin be above $78,000 on May 22?"
1779473111,37,0,0,37,0,0,0,37,2269345,price_range_daily,0.08756222222222222,HOLD,SKIP,"Will the price of Bitcoin be above $78,000 on May 22?"
1779473991,5,0,0,5,0,0,0,5,2109881,indirect_event,-0.01609999999999999,HOLD,SKIP,Will Anthropic flip BTC by December 31?
1779474831,40,0,0,40,0,0,0,40,2269345,price_range_daily,0.07951708333333334,HOLD,SKIP,"Will the price of Bitcoin be above $78,000 on May 22?"
1779475627,40,1,0,39,0,1,0,39,2269345,price_range_daily,0.07497888888888889,HOLD,SKIP,"Will the price of Bitcoin be above $78,000 on May 22?"
1779476409,40,1,0,39,0,1,0,39,2269345,price_range_daily,0.07044069444444444,HOLD,SKIP,"Will the price of Bitcoin be above $78,000 on May 22?"
1779477204,50,1,0,46,3,1,0,49,2277984,price_range_daily,0.11912402777777778,HOLD,SKIP,"Will the price of Bitcoin be above $78,000 on May 23?"
1779478082,40,1,0,36,3,1,0,39,2277984,price_range_daily,0.11819986111111112,HOLD,SKIP,"Will the price of Bitcoin be above $78,000 on May 23?"
1779478885,40,1,1,36,2,2,0,38,2277984,price_range_daily,0.11804055555555557,HOLD,SKIP,"Will the price of Bitcoin be above $78,000 on May 23?"
1779479686,40,1,1,35,3,2,0,38,2277984,price_range_daily,0.11776680555555556,HOLD,SKIP,"Will the price of Bitcoin be above $78,000 on May 23?"
1779480490,40,1,1,35,3,2,0,38,2277984,price_range_daily,0.11600472222222222,HOLD,SKIP,"Will the price of Bitcoin be above $78,000 on May 23?"
1779481295,40,1,1,36,2,2,0,38,2277984,price_range_daily,0.11344194444444444,HOLD,SKIP,"Will the price of Bitcoin be above $78,000 on May 23?"
1779482127,40,1,1,36,2,2,0,38,2277984,price_range_daily,0.11281319444444443,HOLD,SKIP,"Will the price of Bitcoin be above $78,000 on May 23?"
1779482864,40,1,1,36,2,2,0,38,2277981,price_range_daily,0.13776249999999993,BUY_NO,TAKER,"Will the price of Bitcoin be above $76,000 on May 23?"
1779483612,40,0,1,37,2,1,0,39,2277981,price_range_daily,0.14933749999999996,BUY_NO,TAKER,"Will the price of Bitcoin be above $76,000 on May 23?"
1779484393,40,0,1,37,2,1,0,39,2277981,price_range_daily,0.16980694444444439,BUY_NO,TAKER,"Will the price of Bitcoin be above $76,000 on May 23?"
1779485171,40,0,1,35,4,1,0,39,2277981,price_range_daily,0.19780416666666675,BUY_NO,TAKER,"Will the price of Bitcoin be above $76,000 on May 23?"
1779485948,40,0,1,35,4,1,0,39,2277981,price_range_daily,0.2110569444444445,BUY_NO,TAKER,"Will the price of Bitcoin be above $76,000 on May 23?"
1779486724,40,0,1,35,4,1,0,39,2277981,price_range_daily,0.22570972222222224,BUY_NO,TAKER,"Will the price of Bitcoin be above $76,000 on May 23?"
1779487499,40,0,1,35,4,1,0,39,2277981,price_range_daily,0.24123472222222223,BUY_NO,TAKER,"Will the price of Bitcoin be above $76,000 on May 23?"
1779488279,40,0,1,36,3,1,0,39,2277981,price_range_daily,0.2534041666666667,BUY_NO,TAKER,"Will the price of Bitcoin be above $76,000 on May 23?"
1779489051,40,0,1,36,3,1,0,39,2277981,price_range_daily,0.2620263888888888,BUY_NO,TAKER,"Will the price of Bitcoin be above $76,000 on May 23?"
1779489835,40,1,1,35,3,2,0,38,2277981,price_range_daily,0.2637319444444445,BUY_NO,TAKER,"Will the price of Bitcoin be above $76,000 on May 23?"
1779490602,40,1,1,35,3,2,0,38,2277981,price_range_daily,0.26039861111111107,BUY_NO,TAKER,"Will the price of Bitcoin be above $76,000 on May 23?"
1779491375,40,1,1,35,3,2,0,38,2277981,price_range_daily,0.2569791666666667,BUY_NO,TAKER,"Will the price of Bitcoin be above $76,000 on May 23?"
1779492143,40,0,1,35,4,1,0,39,2277981,price_range_daily,0.2539583333333334,BUY_NO,TAKER,"Will the price of Bitcoin be above $76,000 on May 23?"
1779492926,40,0,1,35,4,1,0,39,2277981,price_range_daily,0.2582916666666667,BUY_NO,TAKER,"Will the price of Bitcoin be above $76,000 on May 23?"
1779493690,40,0,1,36,3,1,0,39,2277981,price_range_daily,0.2646847222222222,BUY_NO,TAKER,"Will the price of Bitcoin be above $76,000 on May 23?"
1779494461,40,1,1,35,3,2,0,38,2277981,price_range_daily,0.27356805555555547,BUY_NO,TAKER,"Will the price of Bitcoin be above $76,000 on May 23?"
1779495234,40,1,1,35,3,2,0,38,2277981,price_range_daily,0.28045416666666667,BUY_NO,TAKER,"Will the price of Bitcoin be above $76,000 on May 23?"
1779496012,40,1,1,35,3,2,0,38,2277981,price_range_daily,0.29408194444444447,BUY_NO,TAKER,"Will the price of Bitcoin be above $76,000 on May 23?"
1779496780,40,0,1,36,3,1,0,39,2277981,price_range_daily,0.3077263888888888,BUY_NO,TAKER,"Will the price of Bitcoin be above $76,000 on May 23?"
1779497551,54,1,1,49,3,2,0,52,2277981,price_range_daily,0.31979861111111113,BUY_NO,TAKER,"Will the price of Bitcoin be above $76,000 on May 23?"
1779498393,54,1,1,50,2,2,0,52,2277981,price_range_daily,0.3233180555555555,BUY_NO,TAKER,"Will the price of Bitcoin be above $76,000 on May 23?"
1779499256,54,1,1,50,2,2,0,52,2277981,price_range_daily,0.3268652777777778,BUY_NO,TAKER,"Will the price of Bitcoin be above $76,000 on May 23?"
1779500109,54,0,1,51,2,1,0,53,2277981,price_range_daily,0.32658750000000003,BUY_NO,TAKER,"Will the price of Bitcoin be above $76,000 on May 23?"
1779500974,54,0,1,51,2,1,0,53,2277981,price_range_daily,0.32695694444444445,BUY_NO,TAKER,"Will the price of Bitcoin be above $76,000 on May 23?"
1779501849,53,0,1,50,2,1,0,52,2277981,price_range_daily,0.32319027777777776,BUY_NO,TAKER,"Will the price of Bitcoin be above $76,000 on May 23?"
1779503337,54,0,1,50,3,1,0,53,2277981,price_range_daily,0.3247819444444444,BUY_NO,TAKER,"Will the price of Bitcoin be above $76,000 on May 23?"
1779504245,54,0,1,50,3,1,0,53,2277981,price_range_daily,0.3241569444444445,BUY_NO,TAKER,"Will the price of Bitcoin be above $76,000 on May 23?"
1779505209,53,0,1,49,3,1,0,52,2277981,price_range_daily,0.31456805555555556,BUY_NO,TAKER,"Will the price of Bitcoin be above $76,000 on May 23?"
1779506047,54,0,1,50,3,1,0,53,2277981,price_range_daily,0.3022708333333333,BUY_NO,TAKER,"Will the price of Bitcoin be above $76,000 on May 23?"
1779506127,54,0,0,51,3,0,0,54,2277984,price_range_daily,0.009334583333333339,HOLD,SKIP,"Will the price of Bitcoin be above $78,000 on May 23?"
1779506241,53,0,0,50,3,0,0,53,2277984,price_range_daily,0.009334583333333339,HOLD,SKIP,"Will the price of Bitcoin be above $78,000 on May 23?"
1779507247,54,0,0,51,3,0,0,54,2277984,price_range_daily,0.0073241666666666715,HOLD,SKIP,"Will the price of Bitcoin be above $78,000 on May 23?"
1779508231,54,0,0,51,3,0,0,54,2277984,price_range_daily,0.005004722222222226,HOLD,SKIP,"Will the price of Bitcoin be above $78,000 on May 23?"
1779509210,53,0,0,49,4,0,0,53,2277984,price_range_daily,0.0031887500000000006,HOLD,SKIP,"Will the price of Bitcoin be above $78,000 on May 23?"
1779510214,53,0,0,50,3,0,0,53,2277981,price_range_daily,0.0,HOLD,SKIP,"Will the price of Bitcoin be above $76,000 on May 23?"
1779511324,50,0,0,48,2,0,0,50,2277981,price_range_daily,0.0,HOLD,SKIP,"Will the price of Bitcoin be above $76,000 on May 23?"
1779512675,51,0,0,50,1,0,0,51,2277981,price_range_daily,0.0,HOLD,SKIP,"Will the price of Bitcoin be above $76,000 on May 23?"
1779514137,41,0,1,37,3,1,0,40,2285043,price_range_daily,0.06620833333333331,BUY_NO,TAKER,"Will the price of Bitcoin be above $76,000 on May 24?"
1779515570,45,0,0,44,1,0,0,45,2285043,price_range_daily,0.0,HOLD,SKIP,"Will the price of Bitcoin be above $76,000 on May 24?"
1779516767,1,0,0,1,0,0,0,1,540844,price_target,-0.032924999999999996,HOLD,SKIP,Will bitcoin hit $1m before GTA VI?
1779517832,48,0,0,47,1,0,0,48,2285045,price_range_daily,0.014201250000000006,HOLD,SKIP,"Will the price of Bitcoin be above $78,000 on May 24?"
1779519277,4,0,0,4,0,0,0,4,2109881,indirect_event,-0.023700000000000002,HOLD,SKIP,Will Anthropic flip BTC by December 31?
1779519360,46,0,0,44,2,0,0,46,2277981,price_range_daily,0.0,HOLD,SKIP,"Will the price of Bitcoin be above $76,000 on May 23?"
1779520806,48,0,0,46,2,0,0,48,2285045,price_range_daily,0.011946805555555561,HOLD,SKIP,"Will the price of Bitcoin be above $78,000 on May 24?"
1779522110,46,0,0,43,3,0,0,46,2132778,price_target,0.01503333333333335,HOLD,SKIP,"Will Bitcoin dip to $75,000 in May?"
1779523271,45,0,0,41,4,0,0,45,2132778,price_target,0.04442333333333333,HOLD,SKIP,"Will Bitcoin dip to $75,000 in May?"
1779524535,51,0,0,46,5,0,0,51,2132778,price_target,0.04834000000000001,HOLD,SKIP,"Will Bitcoin dip to $75,000 in May?"
1779526370,1,0,0,1,0,0,0,1,540844,price_target,-0.032924999999999996,HOLD,SKIP,Will bitcoin hit $1m before GTA VI?
1779527604,49,0,1,46,2,1,0,48,2285043,price_range_daily,0.11619722222222223,BUY_NO,TAKER,"Will the price of Bitcoin be above $76,000 on May 24?"
1779528899,51,0,0,48,3,0,0,51,2277981,price_range_daily,0.13457430555555555,HOLD,SKIP,"Will the price of Bitcoin be above $76,000 on May 23?"
1779530031,51,0,0,47,4,0,0,51,2277981,price_range_daily,0.1288352777777778,HOLD,SKIP,"Will the price of Bitcoin be above $76,000 on May 23?"
1779531151,48,0,0,45,3,0,0,48,2277981,price_range_daily,0.12381444444444444,HOLD,SKIP,"Will the price of Bitcoin be above $76,000 on May 23?"
1779532496,0,0,0,0,0,0,0,0,,,0.0,DATA_DEGRADED,SKIP,live market data unavailable; local cache not used for realtime paper-run
1779533658,50,0,0,45,5,0,0,50,2277981,price_range_daily,0.11228611111111111,HOLD,SKIP,"Will the price of Bitcoin be above $76,000 on May 23?"
1779534756,50,0,0,45,5,0,0,50,2277981,price_range_daily,0.10416652777777778,HOLD,SKIP,"Will the price of Bitcoin be above $76,000 on May 23?"
1779535874,46,0,0,42,4,0,0,46,2277981,price_range_daily,0.09662805555555558,HOLD,SKIP,"Will the price of Bitcoin be above $76,000 on May 23?"
1779537129,4,0,0,4,0,0,0,4,2109881,indirect_event,-0.024366666666666707,HOLD,SKIP,Will Anthropic flip BTC by December 31?
1779538477,3,0,0,3,0,0,0,3,2109881,indirect_event,-0.0227,HOLD,SKIP,Will Anthropic flip BTC by December 31?
1779539669,5,0,0,5,0,0,0,5,2109881,indirect_event,-0.0227,HOLD,SKIP,Will Anthropic flip BTC by December 31?
1779540920,43,0,0,38,5,0,0,43,2285043,price_range_daily,0.0,HOLD,SKIP,"Will the price of Bitcoin be above $76,000 on May 24?"
1779542491,35,0,0,31,4,0,0,35,2277981,price_range_daily,0.07023291666666667,HOLD,SKIP,"Will the price of Bitcoin be above $76,000 on May 23?"
1779544074,1,0,0,1,0,0,0,1,540844,price_target,-0.032924999999999996,HOLD,SKIP,Will bitcoin hit $1m before GTA VI?
1779545582,2,0,0,2,0,0,0,2,1553608,company_treasury,-0.042850000000000006,HOLD,SKIP,"Will MicroStrategy announce holding 1M+ BTC by December 31, 2026?-bV81"
1779547059,40,0,0,36,4,0,0,40,2277981,price_range_daily,0.051804166666666665,HOLD,SKIP,"Will the price of Bitcoin be above $76,000 on May 23?"
1779549311,1,0,0,1,0,0,0,1,540844,price_target,-0.032924999999999996,HOLD,SKIP,Will bitcoin hit $1m before GTA VI?
1779550917,3,0,0,3,0,0,0,3,2109881,indirect_event,-0.02477499999999996,HOLD,SKIP,Will Anthropic flip BTC by December 31?
1779552585,1,0,0,1,0,0,0,1,540844,price_target,-0.032924999999999996,HOLD,SKIP,Will bitcoin hit $1m before GTA VI?
1779554184,38,0,0,38,0,0,0,38,2277898,indirect_event,0.009110833333333363,HOLD,SKIP,"Will the price of Bitcoin be between $74,000 and $76,000 on May 23?"
1779555918,4,0,0,4,0,0,0,4,2109881,indirect_event,-0.0229,HOLD,SKIP,Will Anthropic flip BTC by December 31?
1779557264,57,0,0,57,0,0,0,57,2285040,price_range_daily,0.08570555555555563,HOLD,SKIP,"Will the price of Bitcoin be above $74,000 on May 24?"
1779558528,54,0,0,53,1,0,0,54,2285040,price_range_daily,0.0866388888888888,HOLD,SKIP,"Will the price of Bitcoin be above $74,000 on May 24?"
1779559746,56,0,0,56,0,0,0,56,2285040,price_range_daily,0.08692,HOLD,SKIP,"Will the price of Bitcoin be above $74,000 on May 24?"
1779560861,49,0,0,48,1,0,0,49,2285040,price_range_daily,0.0889890277777778,HOLD,SKIP,"Will the price of Bitcoin be above $74,000 on May 24?"
1779561799,40,0,0,39,1,0,0,40,2285040,price_range_daily,0.09119694444444447,HOLD,SKIP,"Will the price of Bitcoin be above $74,000 on May 24?"
1779562672,40,0,0,39,1,0,0,40,2285040,price_range_daily,0.09265819444444445,HOLD,SKIP,"Will the price of Bitcoin be above $74,000 on May 24?"
1779563549,40,0,0,39,1,0,0,40,2285040,price_range_daily,0.09366319444444443,HOLD,SKIP,"Will the price of Bitcoin be above $74,000 on May 24?"
1779564420,40,0,0,39,1,0,0,40,2285040,price_range_daily,0.09529416666666667,HOLD,SKIP,"Will the price of Bitcoin be above $74,000 on May 24?"
1779565274,40,0,0,39,1,0,0,40,2285043,price_range_daily,0.10359722222222223,HOLD,SKIP,"Will the price of Bitcoin be above $76,000 on May 24?"
1779566120,40,1,0,38,1,1,0,39,2285043,price_range_daily,0.11144444444444443,BUY_YES,TAKER,"Will the price of Bitcoin be above $76,000 on May 24?"
1779566970,40,0,0,39,1,0,0,40,2285040,price_range_daily,0.09352805555555563,HOLD,SKIP,"Will the price of Bitcoin be above $74,000 on May 24?"
1779567810,40,0,0,40,0,0,0,40,2285040,price_range_daily,0.0917181944444444,HOLD,SKIP,"Will the price of Bitcoin be above $74,000 on May 24?"
1779568670,40,0,0,40,0,0,0,40,2285040,price_range_daily,0.08861361111111113,HOLD,SKIP,"Will the price of Bitcoin be above $74,000 on May 24?"
1779569525,40,1,0,38,1,1,0,39,2285043,price_range_daily,0.19967222222222225,BUY_YES,TAKER,"Will the price of Bitcoin be above $76,000 on May 24?"
1779570383,40,0,0,39,1,0,0,40,2285040,price_range_daily,0.08433861111111114,HOLD,SKIP,"Will the price of Bitcoin be above $74,000 on May 24?"
1779571226,53,0,0,51,2,0,0,53,2285040,price_range_daily,0.08228097222222222,HOLD,SKIP,"Will the price of Bitcoin be above $74,000 on May 24?"
1779572153,50,0,0,48,2,0,0,50,2285040,price_range_daily,0.0770973611111111,HOLD,SKIP,"Will the price of Bitcoin be above $74,000 on May 24?"
1779573072,50,0,0,50,0,0,0,50,2285040,price_range_daily,0.07299847222222226,HOLD,SKIP,"Will the price of Bitcoin be above $74,000 on May 24?"
1779573990,50,0,0,50,0,0,0,50,2285040,price_range_daily,0.0705240277777778,HOLD,SKIP,"Will the price of Bitcoin be above $74,000 on May 24?"
1779574930,50,0,0,49,1,0,0,50,2285040,price_range_daily,0.06731652777777776,HOLD,SKIP,"Will the price of Bitcoin be above $74,000 on May 24?"
1779575865,64,0,0,63,1,0,0,64,2285040,price_range_daily,0.0628804166666667,HOLD,SKIP,"Will the price of Bitcoin be above $74,000 on May 24?"
1779576823,51,0,0,51,0,0,0,51,2285040,price_range_daily,0.05903861111111107,HOLD,SKIP,"Will the price of Bitcoin be above $74,000 on May 24?"
1779577766,50,1,0,49,0,1,0,49,2285040,price_range_daily,0.05527375000000005,HOLD,SKIP,"Will the price of Bitcoin be above $74,000 on May 24?"
1779578694,50,0,0,50,0,0,0,50,2285040,price_range_daily,0.050679444444444444,HOLD,SKIP,"Will the price of Bitcoin be above $74,000 on May 24?"
1779579629,50,0,0,50,0,0,0,50,2285040,price_range_daily,0.04673180555555549,HOLD,SKIP,"Will the price of Bitcoin be above $74,000 on May 24?"
1779580570,50,0,0,50,0,0,0,50,2285040,price_range_daily,0.04263430555555553,HOLD,SKIP,"Will the price of Bitcoin be above $74,000 on May 24?"
1779581506,50,0,0,50,0,0,0,50,2285040,price_range_daily,0.038308194444444485,HOLD,SKIP,"Will the price of Bitcoin be above $74,000 on May 24?"
1779582441,62,0,0,61,1,0,0,62,2285040,price_range_daily,0.033721111111111035,HOLD,SKIP,"Will the price of Bitcoin be above $74,000 on May 24?"
1779584029,61,0,0,60,1,0,0,61,2285040,price_range_daily,0.027900416666666643,HOLD,SKIP,"Will the price of Bitcoin be above $74,000 on May 24?"
1779585024,61,0,0,60,1,0,0,61,2285040,price_range_daily,0.02494319444444456,HOLD,SKIP,"Will the price of Bitcoin be above $74,000 on May 24?"
1779586010,61,0,0,60,1,0,0,61,2285040,price_range_daily,0.021113333333333283,HOLD,SKIP,"Will the price of Bitcoin be above $74,000 on May 24?"
1779586592,61,0,0,60,1,0,0,61,2285040,price_range_daily,0.019125833333333286,HOLD,SKIP,"Will the price of Bitcoin be above $74,000 on May 24?"
1779587024,61,0,0,60,1,0,0,61,2285040,price_range_daily,0.018592777777777746,HOLD,SKIP,"Will the price of Bitcoin be above $74,000 on May 24?"
1779588066,61,0,0,60,1,0,0,61,2285040,price_range_daily,0.016398611111111135,HOLD,SKIP,"Will the price of Bitcoin be above $74,000 on May 24?"
1779588306,61,0,0,60,1,0,0,61,2285040,price_range_daily,0.015749027777777824,HOLD,SKIP,"Will the price of Bitcoin be above $74,000 on May 24?"
1779589145,60,0,0,59,1,0,0,60,2285040,price_range_daily,0.014679305555555489,HOLD,SKIP,"Will the price of Bitcoin be above $74,000 on May 24?"
1779590210,61,0,0,61,0,0,0,61,2285040,price_range_daily,0.013499583333333395,HOLD,SKIP,"Will the price of Bitcoin be above $74,000 on May 24?"
1779591311,61,0,0,61,0,0,0,61,2285040,price_range_daily,0.012763750000000011,HOLD,SKIP,"Will the price of Bitcoin be above $74,000 on May 24?"
1779592541,60,0,0,60,0,0,0,60,2285040,price_range_daily,0.01197527777777779,HOLD,SKIP,"Will the price of Bitcoin be above $74,000 on May 24?"
1779593646,61,0,0,61,0,0,0,61,2285040,price_range_daily,0.011447777777777772,HOLD,SKIP,"Will the price of Bitcoin be above $74,000 on May 24?"
1779594812,62,0,0,62,0,0,0,62,2285040,price_range_daily,0.010330277777777765,HOLD,SKIP,"Will the price of Bitcoin be above $74,000 on May 24?"
1779595949,58,0,0,57,1,0,0,58,2285040,price_range_daily,0.009046666666666764,HOLD,SKIP,"Will the price of Bitcoin be above $74,000 on May 24?"
1779597196,56,0,0,55,1,0,0,56,2285040,price_range_daily,0.007729305555555548,HOLD,SKIP,"Will the price of Bitcoin be above $74,000 on May 24?"
1779598876,61,0,0,60,1,0,0,61,2285040,price_range_daily,0.0054165277777778395,HOLD,SKIP,"Will the price of Bitcoin be above $74,000 on May 24?"
1779600356,57,1,0,55,1,1,0,56,2293515,price_range_daily,0.04363888888888878,BUY_YES,TAKER,"Will the price of Bitcoin be above $76,000 on May 25?"
1779602103,4,0,0,4,0,0,0,4,2109881,indirect_event,-0.025099999999999997,HOLD,SKIP,Will Anthropic flip BTC by December 31?
1779603620,54,0,0,53,1,0,0,54,2285045,price_range_daily,0.020093750000000004,HOLD,SKIP,"Will the price of Bitcoin be above $78,000 on May 24?"
1779605138,3,0,0,3,0,0,0,3,2109881,indirect_event,-0.025099999999999997,HOLD,SKIP,Will Anthropic flip BTC by December 31?
1779606656,0,0,0,0,0,0,0,0,,,0.0,DATA_DEGRADED,SKIP,live market data unavailable; local cache not used for realtime paper-run
1779624187,0,0,0,0,0,0,0,0,,,0.0,DATA_DEGRADED,SKIP,live market data unavailable; local cache not used for realtime paper-run
1779639416,0,0,0,0,0,0,0,0,,,0.0,DATA_DEGRADED,SKIP,live market data unavailable; local cache not used for realtime paper-run
1779652292,0,0,0,0,0,0,0,0,,,0.0,DATA_DEGRADED,SKIP,live market data unavailable; local cache not used for realtime paper-run
1779666774,0,0,0,0,0,0,0,0,,,0.0,DATA_DEGRADED,SKIP,live market data unavailable; local cache not used for realtime paper-run
1779683900,0,0,0,0,0,0,0,0,,,0.0,DATA_DEGRADED,SKIP,live market data unavailable; local cache not used for realtime paper-run
1779701437,0,0,0,0,0,0,0,0,,,0.0,DATA_DEGRADED,SKIP,live market data unavailable; local cache not used for realtime paper-run
1779714166,43,1,1,39,2,2,0,41,2303425,price_range_daily,0.03767916666666666,BUY_YES,TAKER,"Will the price of Bitcoin be above $76,000 on May 26?"
1779715922,38,0,0,36,2,0,0,38,2293515,price_range_daily,0.02606499999999996,HOLD,SKIP,"Will the price of Bitcoin be above $76,000 on May 25?"
1779717894,36,0,0,33,3,0,0,36,2303425,price_range_daily,0.0,HOLD,SKIP,"Will the price of Bitcoin be above $76,000 on May 26?"
1779719953,35,0,0,33,2,0,0,35,2293515,price_range_daily,0.021998611111111226,HOLD,SKIP,"Will the price of Bitcoin be above $76,000 on May 25?"
1779722178,2,0,0,2,0,0,0,2,2351348,company_treasury,-0.03786666666666671,HOLD,SKIP,MicroStrategy announces >1000 BTC purchase May 26-June 1?
1779724415,32,0,0,32,0,0,0,32,2340209,price_range_daily,0.043041388888888935,HOLD,SKIP,Bitcoin Up or Down on May 25?
1780203451,56,0,0,56,0,0,0,56,2347236,above_below_expiry,0.05421805555555555,HOLD,SKIP,"Will the price of Bitcoin be above $74,000 on May 31?"
